,level_0,index,Loan_ID,Gender,Married,Dependents,Education,Self_Employed,ApplicantIncome,CoapplicantIncome,LoanAmount,Loan_Amount_Term,Credit_History,Property_Area,Loan_Status
0,1,1,LP001003,Male,Yes,1,Graduate,No,4583,1508.0,128.0,360.0,1.0,Rural,N
1,2,2,LP001005,Male,Yes,0,Graduate,Yes,3000,0.0,66.0,360.0,1.0,Urban,Y
2,3,3,LP001006,Male,Yes,0,Not Graduate,No,2583,2358.0,120.0,360.0,1.0,Urban,Y
3,4,4,LP001008,Male,No,0,Graduate,No,6000,0.0,141.0,360.0,1.0,Urban,Y
4,5,5,LP001011,Male,Yes,2,Graduate,Yes,5417,4196.0,267.0,360.0,1.0,Urban,Y
5,6,6,LP001013,Male,Yes,0,Not Graduate,No,2333,1516.0,95.0,360.0,1.0,Urban,Y
6,7,7,LP001014,Male,Yes,3,Graduate,No,3036,2504.0,158.0,360.0,0.0,Semiurban,N
7,8,8,LP001018,Male,Yes,2,Graduate,No,4006,1526.0,168.0,360.0,1.0,Urban,Y
8,9,9,LP001020,Male,Yes,1,Graduate,No,12841,10968.0,349.0,360.0,1.0,Semiurban,N
9,10,10,LP001024,Male,Yes,2,Graduate,No,3200,700.0,70.0,360.0,1.0,Urban,Y
10,11,12,LP001028,Male,Yes,2,Graduate,No,3073,8106.0,200.0,360.0,1.0,Urban,Y
11,12,13,LP001029,Male,No,0,Graduate,No,1853,2840.0,114.0,360.0,1.0,Rural,N
12,13,14,LP001030,Male,Yes,2,Graduate,No,1299,1086.0,17.0,120.0,1.0,Urban,Y
13,14,15,LP001032,Male,No,0,Graduate,No,4950,0.0,125.0,360.0,1.0,Urban,Y
14,15,16,LP001034,Male,No,1,Not Graduate,No,3596,0.0,100.0,240.0,0.0,Urban,Y
15,16,17,LP001036,Female,No,0,Graduate,No,3510,0.0,76.0,360.0,0.0,Urban,N
16,17,18,LP001038,Male,Yes,0,Not Graduate,No,4887,0.0,133.0,360.0,1.0,Rural,N
17,18,20,LP001043,Male,Yes,0,Not Graduate,No,7660,0.0,104.0,360.0,0.0,Urban,N
18,19,21,LP001046,Male,Yes,1,Graduate,No,5955,5625.0,315.0,360.0,1.0,Urban,Y
19,20,22,LP001047,Male,Yes,0,Not Graduate,No,2600,1911.0,116.0,360.0,0.0,Semiurban,N
20,21,23,LP001050,Male,Yes,2,Not Graduate,No,3365,1917.0,112.0,360.0,0.0,Rural,N
21,22,25,LP001066,Male,Yes,0,Graduate,Yes,9560,0.0,191.0,360.0,1.0,Semiurban,Y
22,23,26,LP001068,Male,Yes,0,Graduate,No,2799,2253.0,122.0,360.0,1.0,Semiurban,Y
23,24,27,LP001073,Male,Yes,2,Not Graduate,No,4226,1040.0,110.0,360.0,1.0,Urban,Y
24,25,28,LP001086,Male,No,0,Not Graduate,No,1442,0.0,35.0,360.0,1.0,Urban,N
25,26,31,LP001095,Male,No,0,Graduate,No,3167,0.0,74.0,360.0,1.0,Urban,N
26,27,32,LP001097,Male,No,1,Graduate,Yes,4692,0.0,106.0,360.0,1.0,Rural,N
27,28,33,LP001098,Male,Yes,0,Graduate,No,3500,1667.0,114.0,360.0,1.0,Semiurban,Y
28,29,34,LP001100,Male,No,3,Graduate,No,12500,3000.0,320.0,360.0,1.0,Rural,N
29,31,36,LP001109,Male,Yes,0,Graduate,No,1828,1330.0,100.0,,0.0,Urban,N
30,32,37,LP001112,Female,Yes,0,Graduate,No,3667,1459.0,144.0,360.0,1.0,Semiurban,Y
31,33,38,LP001114,Male,No,0,Graduate,No,4166,7210.0,184.0,360.0,1.0,Urban,Y
32,34,39,LP001116,Male,No,0,Not Graduate,No,3748,1668.0,110.0,360.0,1.0,Semiurban,Y
33,35,40,LP001119,Male,No,0,Graduate,No,3600,0.0,80.0,360.0,1.0,Urban,N
34,36,41,LP001120,Male,No,0,Graduate,No,1800,1213.0,47.0,360.0,1.0,Urban,Y
35,37,42,LP001123,Male,Yes,0,Graduate,No,2400,0.0,75.0,360.0,0.0,Urban,Y
36,38,43,LP001131,Male,Yes,0,Graduate,No,3941,2336.0,134.0,360.0,1.0,Semiurban,Y
37,39,44,LP001136,Male,Yes,0,Not Graduate,Yes,4695,0.0,96.0,,1.0,Urban,Y
38,40,45,LP001137,Female,No,0,Graduate,No,3410,0.0,88.0,,1.0,Urban,Y
39,41,46,LP001138,Male,Yes,1,Graduate,No,5649,0.0,44.0,360.0,1.0,Urban,Y
40,42,47,LP001144,Male,Yes,0,Graduate,No,5821,0.0,144.0,360.0,1.0,Urban,Y
41,43,48,LP001146,Female,Yes,0,Graduate,No,2645,3440.0,120.0,360.0,0.0,Urban,N
42,44,49,LP001151,Female,No,0,Graduate,No,4000,2275.0,144.0,360.0,1.0,Semiurban,Y
43,45,50,LP001155,Female,Yes,0,Not Graduate,No,1928,1644.0,100.0,360.0,1.0,Semiurban,Y
44,46,51,LP001157,Female,No,0,Graduate,No,3086,0.0,120.0,360.0,1.0,Semiurban,Y
45,47,52,LP001164,Female,No,0,Graduate,No,4230,0.0,112.0,360.0,1.0,Semiurban,N
46,48,53,LP001179,Male,Yes,2,Graduate,No,4616,0.0,134.0,360.0,1.0,Urban,N
47,49,54,LP001186,Female,Yes,1,Graduate,Yes,11500,0.0,286.0,360.0,0.0,Urban,N
48,50,55,LP001194,Male,Yes,2,Graduate,No,2708,1167.0,97.0,360.0,1.0,Semiurban,Y
49,51,56,LP001195,Male,Yes,0,Graduate,No,2132,1591.0,96.0,360.0,1.0,Semiurban,Y
50,52,57,LP001197,Male,Yes,0,Graduate,No,3366,2200.0,135.0,360.0,1.0,Rural,N
51,53,58,LP001198,Male,Yes,1,Graduate,No,8080,2250.0,180.0,360.0,1.0,Urban,Y
52,54,59,LP001199,Male,Yes,2,Not Graduate,No,3357,2859.0,144.0,360.0,1.0,Urban,Y
53,55,60,LP001205,Male,Yes,0,Graduate,No,2500,3796.0,120.0,360.0,1.0,Urban,Y
54,56,61,LP001206,Male,Yes,3,Graduate,No,3029,0.0,99.0,360.0,1.0,Urban,Y
55,57,62,LP001207,Male,Yes,0,Not Graduate,Yes,2609,3449.0,165.0,180.0,0.0,Rural,N
56,59,64,LP001222,Female,No,0,Graduate,No,4166,0.0,116.0,360.0,0.0,Semiurban,N
57,60,65,LP001225,Male,Yes,0,Graduate,No,5726,4595.0,258.0,360.0,1.0,Semiurban,N
58,61,66,LP001228,Male,No,0,Not Graduate,No,3200,2254.0,126.0,180.0,0.0,Urban,N
59,62,67,LP001233,Male,Yes,1,Graduate,No,10750,0.0,312.0,360.0,1.0,Urban,Y
60,63,68,LP001238,Male,Yes,3,Not Graduate,Yes,7100,0.0,125.0,60.0,1.0,Urban,Y
61,64,69,LP001241,Female,No,0,Graduate,No,4300,0.0,136.0,360.0,0.0,Semiurban,N
62,65,70,LP001243,Male,Yes,0,Graduate,No,3208,3066.0,172.0,360.0,1.0,Urban,Y
63,66,71,LP001245,Male,Yes,2,Not Graduate,Yes,1875,1875.0,97.0,360.0,1.0,Semiurban,Y
64,67,72,LP001248,Male,No,0,Graduate,No,3500,0.0,81.0,300.0,1.0,Semiurban,Y
65,68,73,LP001250,Male,Yes,3,Not Graduate,No,4755,0.0,95.0,,0.0,Semiurban,N
66,69,74,LP001253,Male,Yes,3,Graduate,Yes,5266,1774.0,187.0,360.0,1.0,Semiurban,Y
67,70,75,LP001255,Male,No,0,Graduate,No,3750,0.0,113.0,480.0,1.0,Urban,N
68,71,76,LP001256,Male,No,0,Graduate,No,3750,4750.0,176.0,360.0,1.0,Urban,N
69,72,77,LP001259,Male,Yes,1,Graduate,Yes,1000,3022.0,110.0,360.0,1.0,Urban,N
70,73,78,LP001263,Male,Yes,3,Graduate,No,3167,4000.0,180.0,300.0,0.0,Semiurban,N
71,74,79,LP001264,Male,Yes,3,Not Graduate,Yes,3333,2166.0,130.0,360.0,0.0,Semiurban,Y
72,75,80,LP001265,Female,No,0,Graduate,No,3846,0.0,111.0,360.0,1.0,Semiurban,Y
73,77,82,LP001267,Female,Yes,2,Graduate,No,1378,1881.0,167.0,360.0,1.0,Urban,N
74,78,83,LP001273,Male,Yes,0,Graduate,No,6000,2250.0,265.0,360.0,0.0,Semiurban,N
75,79,84,LP001275,Male,Yes,1,Graduate,No,3988,0.0,50.0,240.0,1.0,Urban,Y
76,80,85,LP001279,Male,No,0,Graduate,No,2366,2531.0,136.0,360.0,1.0,Semiurban,Y
77,81,86,LP001280,Male,Yes,2,Not Graduate,No,3333,2000.0,99.0,360.0,0.0,Semiurban,Y
78,82,87,LP001282,Male,Yes,0,Graduate,No,2500,2118.0,104.0,360.0,1.0,Semiurban,Y
79,83,88,LP001289,Male,No,0,Graduate,No,8566,0.0,210.0,360.0,1.0,Urban,Y
80,84,89,LP001310,Male,Yes,0,Graduate,No,5695,4167.0,175.0,360.0,1.0,Semiurban,Y
81,85,90,LP001316,Male,Yes,0,Graduate,No,2958,2900.0,131.0,360.0,1.0,Semiurban,Y
82,86,91,LP001318,Male,Yes,2,Graduate,No,6250,5654.0,188.0,180.0,1.0,Semiurban,Y
83,87,92,LP001319,Male,Yes,2,Not Graduate,No,3273,1820.0,81.0,360.0,1.0,Urban,Y
84,88,93,LP001322,Male,No,0,Graduate,No,4133,0.0,122.0,360.0,1.0,Semiurban,Y
85,89,94,LP001325,Male,No,0,Not Graduate,No,3620,0.0,25.0,120.0,1.0,Semiurban,Y
86,90,96,LP001327,Female,Yes,0,Graduate,No,2484,2302.0,137.0,360.0,1.0,Semiurban,Y
87,91,97,LP001333,Male,Yes,0,Graduate,No,1977,997.0,50.0,360.0,1.0,Semiurban,Y
88,92,98,LP001334,Male,Yes,0,Not Graduate,No,4188,0.0,115.0,180.0,1.0,Semiurban,Y
89,93,99,LP001343,Male,Yes,0,Graduate,No,1759,3541.0,131.0,360.0,1.0,Semiurban,Y
90,94,100,LP001345,Male,Yes,2,Not Graduate,No,4288,3263.0,133.0,180.0,1.0,Urban,Y
91,95,101,LP001349,Male,No,0,Graduate,No,4843,3806.0,151.0,360.0,1.0,Semiurban,Y
92,98,104,LP001357,Male,No,0,Graduate,No,3816,754.0,160.0,360.0,1.0,Urban,Y
93,99,105,LP001367,Male,Yes,1,Graduate,No,3052,1030.0,100.0,360.0,1.0,Urban,Y
94,100,106,LP001369,Male,Yes,2,Graduate,No,11417,1126.0,225.0,360.0,1.0,Urban,Y
95,101,108,LP001379,Male,Yes,2,Graduate,No,3800,3600.0,216.0,360.0,0.0,Urban,N
96,102,109,LP001384,Male,Yes,3,Not Graduate,No,2071,754.0,94.0,480.0,1.0,Semiurban,Y
97,103,110,LP001385,Male,No,0,Graduate,No,5316,0.0,136.0,360.0,1.0,Urban,Y
98,104,112,LP001391,Male,Yes,0,Not Graduate,No,3572,4114.0,152.0,,0.0,Rural,N
99,106,115,LP001401,Male,Yes,1,Graduate,No,14583,0.0,185.0,180.0,1.0,Rural,Y
100,107,116,LP001404,Female,Yes,0,Graduate,No,3167,2283.0,154.0,360.0,1.0,Semiurban,Y
101,108,117,LP001405,Male,Yes,1,Graduate,No,2214,1398.0,85.0,360.0,0.0,Urban,Y
102,109,118,LP001421,Male,Yes,0,Graduate,No,5568,2142.0,175.0,360.0,1.0,Rural,N
103,110,119,LP001422,Female,No,0,Graduate,No,10408,0.0,259.0,360.0,1.0,Urban,Y
104,111,120,LP001426,Male,Yes,0,Graduate,No,5667,2667.0,180.0,360.0,1.0,Rural,Y
105,112,121,LP001430,Female,No,0,Graduate,No,4166,0.0,44.0,360.0,1.0,Semiurban,Y
106,113,122,LP001431,Female,No,0,Graduate,No,2137,8980.0,137.0,360.0,0.0,Semiurban,Y
107,114,123,LP001432,Male,Yes,2,Graduate,No,2957,0.0,81.0,360.0,1.0,Semiurban,Y
108,115,124,LP001439,Male,Yes,0,Not Graduate,No,4300,2014.0,194.0,360.0,1.0,Rural,Y
109,116,125,LP001443,Female,No,0,Graduate,No,3692,0.0,93.0,360.0,0.0,Rural,Y
110,117,126,LP001448,Male,Yes,3,Graduate,No,23803,0.0,370.0,360.0,1.0,Rural,Y
111,119,128,LP001451,Male,Yes,1,Graduate,Yes,10513,3850.0,160.0,180.0,0.0,Urban,N
112,120,129,LP001465,Male,Yes,0,Graduate,No,6080,2569.0,182.0,360.0,0.0,Rural,N
113,121,130,LP001469,Male,No,0,Graduate,Yes,20166,0.0,650.0,480.0,0.0,Urban,Y
114,122,131,LP001473,Male,No,0,Graduate,No,2014,1929.0,74.0,360.0,1.0,Urban,Y
115,123,132,LP001478,Male,No,0,Graduate,No,2718,0.0,70.0,360.0,1.0,Semiurban,Y
116,124,133,LP001482,Male,Yes,0,Graduate,Yes,3459,0.0,25.0,120.0,1.0,Semiurban,Y
117,125,134,LP001487,Male,No,0,Graduate,No,4895,0.0,102.0,360.0,1.0,Semiurban,Y
118,126,135,LP001488,Male,Yes,3,Graduate,No,4000,7750.0,290.0,360.0,1.0,Semiurban,N
119,127,136,LP001489,Female,Yes,0,Graduate,No,4583,0.0,84.0,360.0,1.0,Rural,N
120,128,137,LP001491,Male,Yes,2,Graduate,Yes,3316,3500.0,88.0,360.0,1.0,Urban,Y
121,129,138,LP001492,Male,No,0,Graduate,No,14999,0.0,242.0,360.0,0.0,Semiurban,N
122,130,139,LP001493,Male,Yes,2,Not Graduate,No,4200,1430.0,129.0,360.0,1.0,Rural,N
123,131,140,LP001497,Male,Yes,2,Graduate,No,5042,2083.0,185.0,360.0,1.0,Rural,N
124,132,141,LP001498,Male,No,0,Graduate,No,5417,0.0,168.0,360.0,1.0,Urban,Y
125,133,142,LP001504,Male,No,0,Graduate,Yes,6950,0.0,175.0,180.0,1.0,Semiurban,Y
126,134,143,LP001507,Male,Yes,0,Graduate,No,2698,2034.0,122.0,360.0,1.0,Semiurban,Y
127,135,144,LP001508,Male,Yes,2,Graduate,No,11757,0.0,187.0,180.0,1.0,Urban,Y
128,136,145,LP001514,Female,Yes,0,Graduate,No,2330,4486.0,100.0,360.0,1.0,Semiurban,Y
129,137,146,LP001516,Female,Yes,2,Graduate,No,14866,0.0,70.0,360.0,1.0,Urban,Y
130,138,147,LP001518,Male,Yes,1,Graduate,No,1538,1425.0,30.0,360.0,1.0,Urban,Y
131,139,148,LP001519,Female,No,0,Graduate,No,10000,1666.0,225.0,360.0,1.0,Rural,N
132,140,149,LP001520,Male,Yes,0,Graduate,No,4860,830.0,125.0,360.0,1.0,Semiurban,Y
133,141,150,LP001528,Male,No,0,Graduate,No,6277,0.0,118.0,360.0,0.0,Rural,N
134,142,151,LP001529,Male,Yes,0,Graduate,Yes,2577,3750.0,152.0,360.0,1.0,Rural,Y
135,143,152,LP001531,Male,No,0,Graduate,No,9166,0.0,244.0,360.0,1.0,Urban,N
136,144,153,LP001532,Male,Yes,2,Not Graduate,No,2281,0.0,113.0,360.0,1.0,Rural,N
137,145,154,LP001535,Male,No,0,Graduate,No,3254,0.0,50.0,360.0,1.0,Urban,Y
138,146,155,LP001536,Male,Yes,3,Graduate,No,39999,0.0,600.0,180.0,0.0,Semiurban,Y
139,147,156,LP001541,Male,Yes,1,Graduate,No,6000,0.0,160.0,360.0,0.0,Rural,Y
140,148,157,LP001543,Male,Yes,1,Graduate,No,9538,0.0,187.0,360.0,1.0,Urban,Y
141,149,159,LP001552,Male,Yes,0,Graduate,No,4583,5625.0,255.0,360.0,1.0,Semiurban,Y
142,150,160,LP001560,Male,Yes,0,Not Graduate,No,1863,1041.0,98.0,360.0,1.0,Semiurban,Y
143,151,161,LP001562,Male,Yes,0,Graduate,No,7933,0.0,275.0,360.0,1.0,Urban,N
144,152,162,LP001565,Male,Yes,1,Graduate,No,3089,1280.0,121.0,360.0,0.0,Semiurban,N
145,153,163,LP001570,Male,Yes,2,Graduate,No,4167,1447.0,158.0,360.0,1.0,Rural,Y
146,154,164,LP001572,Male,Yes,0,Graduate,No,9323,0.0,75.0,180.0,1.0,Urban,Y
147,155,165,LP001574,Male,Yes,0,Graduate,No,3707,3166.0,182.0,,1.0,Rural,Y
148,156,166,LP001577,Female,Yes,0,Graduate,No,4583,0.0,112.0,360.0,1.0,Rural,N
149,157,167,LP001578,Male,Yes,0,Graduate,No,2439,3333.0,129.0,360.0,1.0,Rural,Y
150,158,168,LP001579,Male,No,0,Graduate,No,2237,0.0,63.0,480.0,0.0,Semiurban,N
151,159,169,LP001580,Male,Yes,2,Graduate,No,8000,0.0,200.0,360.0,1.0,Semiurban,Y
152,160,171,LP001585,Male,Yes,3,Graduate,No,51763,0.0,700.0,300.0,1.0,Urban,Y
153,161,172,LP001586,Male,Yes,3,Not Graduate,No,3522,0.0,81.0,180.0,1.0,Rural,N
154,162,173,LP001594,Male,Yes,0,Graduate,No,5708,5625.0,187.0,360.0,1.0,Semiurban,Y
155,163,174,LP001603,Male,Yes,0,Not Graduate,Yes,4344,736.0,87.0,360.0,1.0,Semiurban,N
156,164,175,LP001606,Male,Yes,0,Graduate,No,3497,1964.0,116.0,360.0,1.0,Rural,Y
157,165,176,LP001608,Male,Yes,2,Graduate,No,2045,1619.0,101.0,360.0,1.0,Rural,Y
158,166,177,LP001610,Male,Yes,3,Graduate,No,5516,11300.0,495.0,360.0,0.0,Semiurban,N
159,167,178,LP001616,Male,Yes,1,Graduate,No,3750,0.0,116.0,360.0,1.0,Semiurban,Y
160,168,179,LP001630,Male,No,0,Not Graduate,No,2333,1451.0,102.0,480.0,0.0,Urban,N
161,169,180,LP001633,Male,Yes,1,Graduate,No,6400,7250.0,180.0,360.0,0.0,Urban,N
162,170,181,LP001634,Male,No,0,Graduate,No,1916,5063.0,67.0,360.0,0.0,Rural,N
163,171,182,LP001636,Male,Yes,0,Graduate,No,4600,0.0,73.0,180.0,1.0,Semiurban,Y
164,172,183,LP001637,Male,Yes,1,Graduate,No,33846,0.0,260.0,360.0,1.0,Semiurban,N
165,173,184,LP001639,Female,Yes,0,Graduate,No,3625,0.0,108.0,360.0,1.0,Semiurban,Y
166,174,185,LP001640,Male,Yes,0,Graduate,Yes,39147,4750.0,120.0,360.0,1.0,Semiurban,Y
167,175,186,LP001641,Male,Yes,1,Graduate,Yes,2178,0.0,66.0,300.0,0.0,Rural,N
168,176,187,LP001643,Male,Yes,0,Graduate,No,2383,2138.0,58.0,360.0,0.0,Rural,Y
169,177,188,LP001644,Male,Yes,0,Graduate,Yes,674,5296.0,168.0,360.0,1.0,Rural,Y
170,178,189,LP001647,Male,Yes,0,Graduate,No,9328,0.0,188.0,180.0,1.0,Rural,Y
171,179,190,LP001653,Male,No,0,Not Graduate,No,4885,0.0,48.0,360.0,1.0,Rural,Y
172,180,191,LP001656,Male,No,0,Graduate,No,12000,0.0,164.0,360.0,1.0,Semiurban,N
173,181,192,LP001657,Male,Yes,0,Not Graduate,No,6033,0.0,160.0,360.0,1.0,Urban,N
174,182,193,LP001658,Male,No,0,Graduate,No,3858,0.0,76.0,360.0,1.0,Semiurban,Y
175,183,194,LP001664,Male,No,0,Graduate,No,4191,0.0,120.0,360.0,1.0,Rural,Y
176,184,195,LP001665,Male,Yes,1,Graduate,No,3125,2583.0,170.0,360.0,1.0,Semiurban,N
177,185,196,LP001666,Male,No,0,Graduate,No,8333,3750.0,187.0,360.0,1.0,Rural,Y
178,186,197,LP001669,Female,No,0,Not Graduate,No,1907,2365.0,120.0,,1.0,Urban,Y
179,187,198,LP001671,Female,Yes,0,Graduate,No,3416,2816.0,113.0,360.0,0.0,Semiurban,Y
180,188,199,LP001673,Male,No,0,Graduate,Yes,11000,0.0,83.0,360.0,1.0,Urban,N
181,189,200,LP001674,Male,Yes,1,Not Graduate,No,2600,2500.0,90.0,360.0,1.0,Semiurban,Y
182,190,201,LP001677,Male,No,2,Graduate,No,4923,0.0,166.0,360.0,0.0,Semiurban,Y
183,192,203,LP001688,Male,Yes,1,Not Graduate,No,3500,1083.0,135.0,360.0,1.0,Urban,Y
184,193,204,LP001691,Male,Yes,2,Not Graduate,No,3917,0.0,124.0,360.0,1.0,Semiurban,Y
185,194,205,LP001692,Female,No,0,Not Graduate,No,4408,0.0,120.0,360.0,1.0,Semiurban,Y
186,195,206,LP001693,Female,No,0,Graduate,No,3244,0.0,80.0,360.0,1.0,Urban,Y
187,196,207,LP001698,Male,No,0,Not Graduate,No,3975,2531.0,55.0,360.0,1.0,Rural,Y
188,197,208,LP001699,Male,No,0,Graduate,No,2479,0.0,59.0,360.0,1.0,Urban,Y
189,198,209,LP001702,Male,No,0,Graduate,No,3418,0.0,127.0,360.0,1.0,Semiurban,N
190,199,210,LP001708,Female,No,0,Graduate,No,10000,0.0,214.0,360.0,1.0,Semiurban,N
191,200,211,LP001711,Male,Yes,3,Graduate,No,3430,1250.0,128.0,360.0,0.0,Semiurban,N
192,201,212,LP001713,Male,Yes,1,Graduate,Yes,7787,0.0,240.0,360.0,1.0,Urban,Y
193,202,213,LP001715,Male,Yes,3,Not Graduate,Yes,5703,0.0,130.0,360.0,1.0,Rural,Y
194,203,214,LP001716,Male,Yes,0,Graduate,No,3173,3021.0,137.0,360.0,1.0,Urban,Y
195,204,215,LP001720,Male,Yes,3,Not Graduate,No,3850,983.0,100.0,360.0,1.0,Semiurban,Y
196,205,216,LP001722,Male,Yes,0,Graduate,No,150,1800.0,135.0,360.0,1.0,Rural,N
197,206,217,LP001726,Male,Yes,0,Graduate,No,3727,1775.0,131.0,360.0,1.0,Semiurban,Y
198,207,219,LP001734,Female,Yes,2,Graduate,No,4283,2383.0,127.0,360.0,0.0,Semiurban,Y
199,208,220,LP001736,Male,Yes,0,Graduate,No,2221,0.0,60.0,360.0,0.0,Urban,N
200,209,221,LP001743,Male,Yes,2,Graduate,No,4009,1717.0,116.0,360.0,1.0,Semiurban,Y
201,210,222,LP001744,Male,No,0,Graduate,No,2971,2791.0,144.0,360.0,1.0,Semiurban,Y
202,211,223,LP001749,Male,Yes,0,Graduate,No,7578,1010.0,175.0,,1.0,Semiurban,Y
203,212,224,LP001750,Male,Yes,0,Graduate,No,6250,0.0,128.0,360.0,1.0,Semiurban,Y
204,213,225,LP001751,Male,Yes,0,Graduate,No,3250,0.0,170.0,360.0,1.0,Rural,N
205,214,226,LP001754,Male,Yes,0,Not Graduate,Yes,4735,0.0,138.0,360.0,1.0,Urban,N
206,215,227,LP001758,Male,Yes,2,Graduate,No,6250,1695.0,210.0,360.0,1.0,Semiurban,Y
207,216,228,LP001760,Male,No,0,Graduate,No,4758,0.0,158.0,480.0,1.0,Semiurban,Y
208,217,229,LP001761,Male,No,0,Graduate,Yes,6400,0.0,200.0,360.0,1.0,Rural,Y
209,218,230,LP001765,Male,Yes,1,Graduate,No,2491,2054.0,104.0,360.0,1.0,Semiurban,Y
210,219,232,LP001770,Male,No,0,Not Graduate,No,3189,2598.0,120.0,,1.0,Rural,Y
211,220,233,LP001776,Female,No,0,Graduate,No,8333,0.0,280.0,360.0,1.0,Semiurban,Y
212,221,234,LP001778,Male,Yes,1,Graduate,No,3155,1779.0,140.0,360.0,1.0,Semiurban,Y
213,222,235,LP001784,Male,Yes,1,Graduate,No,5500,1260.0,170.0,360.0,1.0,Rural,Y
214,223,237,LP001788,Female,No,0,Graduate,Yes,3463,0.0,122.0,360.0,0.0,Urban,Y
215,224,238,LP001790,Female,No,1,Graduate,No,3812,0.0,112.0,360.0,1.0,Rural,Y
216,225,239,LP001792,Male,Yes,1,Graduate,No,3315,0.0,96.0,360.0,1.0,Semiurban,Y
217,226,240,LP001798,Male,Yes,2,Graduate,No,5819,5000.0,120.0,360.0,1.0,Rural,Y
218,227,241,LP001800,Male,Yes,1,Not Graduate,No,2510,1983.0,140.0,180.0,1.0,Urban,N
219,228,242,LP001806,Male,No,0,Graduate,No,2965,5701.0,155.0,60.0,1.0,Urban,Y
220,229,243,LP001807,Male,Yes,2,Graduate,Yes,6250,1300.0,108.0,360.0,1.0,Rural,Y
221,230,244,LP001811,Male,Yes,0,Not Graduate,No,3406,4417.0,123.0,360.0,1.0,Semiurban,Y
222,231,245,LP001813,Male,No,0,Graduate,Yes,6050,4333.0,120.0,180.0,1.0,Urban,N
223,232,246,LP001814,Male,Yes,2,Graduate,No,9703,0.0,112.0,360.0,1.0,Urban,Y
224,233,247,LP001819,Male,Yes,1,Not Graduate,No,6608,0.0,137.0,180.0,1.0,Urban,Y
225,234,248,LP001824,Male,Yes,1,Graduate,No,2882,1843.0,123.0,480.0,1.0,Semiurban,Y
226,235,249,LP001825,Male,Yes,0,Graduate,No,1809,1868.0,90.0,360.0,1.0,Urban,Y
227,236,250,LP001835,Male,Yes,0,Not Graduate,No,1668,3890.0,201.0,360.0,0.0,Semiurban,N
228,237,251,LP001836,Female,No,2,Graduate,No,3427,0.0,138.0,360.0,1.0,Urban,N
229,238,252,LP001841,Male,No,0,Not Graduate,Yes,2583,2167.0,104.0,360.0,1.0,Rural,Y
230,239,253,LP001843,Male,Yes,1,Not Graduate,No,2661,7101.0,279.0,180.0,1.0,Semiurban,Y
231,240,254,LP001844,Male,No,0,Graduate,Yes,16250,0.0,192.0,360.0,0.0,Urban,N
232,241,255,LP001846,Female,No,3,Graduate,No,3083,0.0,255.0,360.0,1.0,Rural,Y
233,242,256,LP001849,Male,No,0,Not Graduate,No,6045,0.0,115.0,360.0,0.0,Rural,N
234,243,257,LP001854,Male,Yes,3,Graduate,No,5250,0.0,94.0,360.0,1.0,Urban,N
235,244,258,LP001859,Male,Yes,0,Graduate,No,14683,2100.0,304.0,360.0,1.0,Rural,N
236,245,259,LP001864,Male,Yes,3,Not Graduate,No,4931,0.0,128.0,360.0,0.0,Semiurban,N
237,246,260,LP001865,Male,Yes,1,Graduate,No,6083,4250.0,330.0,360.0,0.0,Urban,Y
238,247,261,LP001868,Male,No,0,Graduate,No,2060,2209.0,134.0,360.0,1.0,Semiurban,Y
239,248,262,LP001870,Female,No,1,Graduate,No,3481,0.0,155.0,36.0,1.0,Semiurban,N
240,249,263,LP001871,Female,No,0,Graduate,No,7200,0.0,120.0,360.0,1.0,Rural,Y
241,250,264,LP001872,Male,No,0,Graduate,Yes,5166,0.0,128.0,360.0,1.0,Semiurban,Y
242,251,265,LP001875,Male,No,0,Graduate,No,4095,3447.0,151.0,360.0,1.0,Rural,Y
243,252,266,LP001877,Male,Yes,2,Graduate,No,4708,1387.0,150.0,360.0,1.0,Semiurban,Y
244,253,267,LP001882,Male,Yes,3,Graduate,No,4333,1811.0,160.0,360.0,0.0,Urban,Y
245,254,269,LP001884,Female,No,1,Graduate,No,2876,1560.0,90.0,360.0,1.0,Urban,Y
246,255,270,LP001888,Female,No,0,Graduate,No,3237,0.0,30.0,360.0,1.0,Urban,Y
247,256,271,LP001891,Male,Yes,0,Graduate,No,11146,0.0,136.0,360.0,1.0,Urban,Y
248,257,272,LP001892,Male,No,0,Graduate,No,2833,1857.0,126.0,360.0,1.0,Rural,Y
249,258,273,LP001894,Male,Yes,0,Graduate,No,2620,2223.0,150.0,360.0,1.0,Semiurban,Y
250,259,274,LP001896,Male,Yes,2,Graduate,No,3900,0.0,90.0,360.0,1.0,Semiurban,Y
251,260,275,LP001900,Male,Yes,1,Graduate,No,2750,1842.0,115.0,360.0,1.0,Semiurban,Y
252,261,276,LP001903,Male,Yes,0,Graduate,No,3993,3274.0,207.0,360.0,1.0,Semiurban,Y
253,262,277,LP001904,Male,Yes,0,Graduate,No,3103,1300.0,80.0,360.0,1.0,Urban,Y
254,263,278,LP001907,Male,Yes,0,Graduate,No,14583,0.0,436.0,360.0,1.0,Semiurban,Y
255,264,279,LP001908,Female,Yes,0,Not Graduate,No,4100,0.0,124.0,360.0,0.0,Rural,Y
256,265,280,LP001910,Male,No,1,Not Graduate,Yes,4053,2426.0,158.0,360.0,0.0,Urban,N
257,266,281,LP001914,Male,Yes,0,Graduate,No,3927,800.0,112.0,360.0,1.0,Semiurban,Y
258,267,282,LP001915,Male,Yes,2,Graduate,No,2301,985.7999877999998,78.0,180.0,1.0,Urban,Y
259,268,283,LP001917,Female,No,0,Graduate,No,1811,1666.0,54.0,360.0,1.0,Urban,Y
260,270,285,LP001924,Male,No,0,Graduate,No,3158,3053.0,89.0,360.0,1.0,Rural,Y
261,271,286,LP001925,Female,No,0,Graduate,Yes,2600,1717.0,99.0,300.0,1.0,Semiurban,N
262,272,287,LP001926,Male,Yes,0,Graduate,No,3704,2000.0,120.0,360.0,1.0,Rural,Y
263,273,288,LP001931,Female,No,0,Graduate,No,4124,0.0,115.0,360.0,1.0,Semiurban,Y
264,274,289,LP001935,Male,No,0,Graduate,No,9508,0.0,187.0,360.0,1.0,Rural,Y
265,275,290,LP001936,Male,Yes,0,Graduate,No,3075,2416.0,139.0,360.0,1.0,Rural,Y
266,276,291,LP001938,Male,Yes,2,Graduate,No,4400,0.0,127.0,360.0,0.0,Semiurban,N
267,277,292,LP001940,Male,Yes,2,Graduate,No,3153,1560.0,134.0,360.0,1.0,Urban,Y
268,278,293,LP001945,Female,No,0,Graduate,No,5417,0.0,143.0,480.0,0.0,Urban,N
269,279,294,LP001947,Male,Yes,0,Graduate,No,2383,3334.0,172.0,360.0,1.0,Semiurban,Y
270,280,296,LP001953,Male,Yes,1,Graduate,No,6875,0.0,200.0,360.0,1.0,Semiurban,Y
271,281,297,LP001954,Female,Yes,1,Graduate,No,4666,0.0,135.0,360.0,1.0,Urban,Y
272,282,298,LP001955,Female,No,0,Graduate,No,5000,2541.0,151.0,480.0,1.0,Rural,N
273,283,299,LP001963,Male,Yes,1,Graduate,No,2014,2925.0,113.0,360.0,1.0,Urban,N
274,284,300,LP001964,Male,Yes,0,Not Graduate,No,1800,2934.0,93.0,360.0,0.0,Urban,N
275,285,301,LP001972,Male,Yes,0,Not Graduate,No,2875,1750.0,105.0,360.0,1.0,Semiurban,Y
276,286,302,LP001974,Female,No,0,Graduate,No,5000,0.0,132.0,360.0,1.0,Rural,Y
277,287,303,LP001977,Male,Yes,1,Graduate,No,1625,1803.0,96.0,360.0,1.0,Urban,Y
278,288,304,LP001978,Male,No,0,Graduate,No,4000,2500.0,140.0,360.0,1.0,Rural,Y
279,290,306,LP001993,Female,No,0,Graduate,No,3762,1666.0,135.0,360.0,1.0,Rural,Y
280,291,307,LP001994,Female,No,0,Graduate,No,2400,1863.0,104.0,360.0,0.0,Urban,N
281,292,308,LP001996,Male,No,0,Graduate,No,20233,0.0,480.0,360.0,1.0,Rural,N
282,293,309,LP001998,Male,Yes,2,Not Graduate,No,7667,0.0,185.0,360.0,0.0,Rural,Y
283,294,310,LP002002,Female,No,0,Graduate,No,2917,0.0,84.0,360.0,1.0,Semiurban,Y
284,295,311,LP002004,Male,No,0,Not Graduate,No,2927,2405.0,111.0,360.0,1.0,Semiurban,Y
285,296,312,LP002006,Female,No,0,Graduate,No,2507,0.0,56.0,360.0,1.0,Rural,Y
286,297,313,LP002008,Male,Yes,2,Graduate,Yes,5746,0.0,144.0,84.0,0.0,Rural,Y
287,298,314,LP002024,Male,Yes,0,Graduate,No,2473,1843.0,159.0,360.0,1.0,Rural,N
288,299,315,LP002031,Male,Yes,1,Not Graduate,No,3399,1640.0,111.0,180.0,1.0,Urban,Y
289,300,316,LP002035,Male,Yes,2,Graduate,No,3717,0.0,120.0,360.0,1.0,Semiurban,Y
290,301,317,LP002036,Male,Yes,0,Graduate,No,2058,2134.0,88.0,360.0,0.0,Urban,Y
291,302,318,LP002043,Female,No,1,Graduate,No,3541,0.0,112.0,360.0,0.0,Semiurban,Y
292,303,319,LP002050,Male,Yes,1,Graduate,Yes,10000,0.0,155.0,360.0,1.0,Rural,N
293,304,320,LP002051,Male,Yes,0,Graduate,No,2400,2167.0,115.0,360.0,1.0,Semiurban,Y
294,305,321,LP002053,Male,Yes,3,Graduate,No,4342,189.0,124.0,360.0,1.0,Semiurban,Y
295,307,323,LP002055,Female,No,0,Graduate,No,3166,2985.0,132.0,360.0,0.0,Rural,Y
296,308,324,LP002065,Male,Yes,3,Graduate,No,15000,0.0,300.0,360.0,1.0,Rural,Y
297,309,325,LP002067,Male,Yes,1,Graduate,Yes,8666,4983.0,376.0,360.0,0.0,Rural,N
298,310,326,LP002068,Male,No,0,Graduate,No,4917,0.0,130.0,360.0,0.0,Rural,Y
299,311,327,LP002082,Male,Yes,0,Graduate,Yes,5818,2160.0,184.0,360.0,1.0,Semiurban,Y
300,312,328,LP002086,Female,Yes,0,Graduate,No,4333,2451.0,110.0,360.0,1.0,Urban,N
301,313,329,LP002087,Female,No,0,Graduate,No,2500,0.0,67.0,360.0,1.0,Urban,Y
302,314,330,LP002097,Male,No,1,Graduate,No,4384,1793.0,117.0,360.0,1.0,Urban,Y
303,315,331,LP002098,Male,No,0,Graduate,No,2935,0.0,98.0,360.0,1.0,Semiurban,Y
304,316,332,LP002100,Male,No,0,Graduate,No,2833,0.0,71.0,360.0,1.0,Urban,Y
305,317,334,LP002103,Male,Yes,1,Graduate,Yes,9833,1833.0,182.0,180.0,1.0,Urban,Y
306,318,335,LP002106,Male,Yes,0,Graduate,Yes,5503,4490.0,70.0,,1.0,Semiurban,Y
307,319,337,LP002112,Male,Yes,2,Graduate,Yes,2500,4600.0,176.0,360.0,1.0,Rural,Y
308,321,339,LP002114,Female,No,0,Graduate,No,4160,0.0,71.0,360.0,1.0,Semiurban,Y
309,322,340,LP002115,Male,Yes,3,Not Graduate,No,2647,1587.0,173.0,360.0,1.0,Rural,N
310,323,341,LP002116,Female,No,0,Graduate,No,2378,0.0,46.0,360.0,1.0,Rural,N
311,324,342,LP002119,Male,Yes,1,Not Graduate,No,4554,1229.0,158.0,360.0,1.0,Urban,Y
312,325,343,LP002126,Male,Yes,3,Not Graduate,No,3173,0.0,74.0,360.0,1.0,Semiurban,Y
313,326,345,LP002129,Male,Yes,0,Graduate,No,2499,2458.0,160.0,360.0,1.0,Semiurban,Y
314,327,346,LP002130,Male,Yes,0,Not Graduate,No,3523,3230.0,152.0,360.0,0.0,Rural,N
315,328,347,LP002131,Male,Yes,2,Not Graduate,No,3083,2168.0,126.0,360.0,1.0,Urban,Y
316,329,348,LP002137,Male,Yes,0,Graduate,No,6333,4583.0,259.0,360.0,0.0,Semiurban,Y
317,330,349,LP002138,Male,Yes,0,Graduate,No,2625,6250.0,187.0,360.0,1.0,Rural,Y
318,331,350,LP002139,Male,Yes,0,Graduate,No,9083,0.0,228.0,360.0,1.0,Semiurban,Y
319,332,351,LP002140,Male,No,0,Graduate,No,8750,4167.0,308.0,360.0,1.0,Rural,N
320,333,352,LP002141,Male,Yes,3,Graduate,No,2666,2083.0,95.0,360.0,1.0,Rural,Y
321,334,353,LP002142,Female,Yes,0,Graduate,Yes,5500,0.0,105.0,360.0,0.0,Rural,N
322,335,354,LP002143,Female,Yes,0,Graduate,No,2423,505.0,130.0,360.0,1.0,Semiurban,Y
323,336,355,LP002144,Female,No,0,Graduate,No,3813,0.0,116.0,180.0,1.0,Urban,Y
324,337,356,LP002149,Male,Yes,2,Graduate,No,8333,3167.0,165.0,360.0,1.0,Rural,Y
325,338,357,LP002151,Male,Yes,1,Graduate,No,3875,0.0,67.0,360.0,1.0,Urban,N
326,339,358,LP002158,Male,Yes,0,Not Graduate,No,3000,1666.0,100.0,480.0,0.0,Urban,N
327,340,359,LP002160,Male,Yes,3,Graduate,No,5167,3167.0,200.0,360.0,1.0,Semiurban,Y
328,341,360,LP002161,Female,No,1,Graduate,No,4723,0.0,81.0,360.0,1.0,Semiurban,N
329,342,361,LP002170,Male,Yes,2,Graduate,No,5000,3667.0,236.0,360.0,1.0,Semiurban,Y
330,343,362,LP002175,Male,Yes,0,Graduate,No,4750,2333.0,130.0,360.0,1.0,Urban,Y
331,344,363,LP002178,Male,Yes,0,Graduate,No,3013,3033.0,95.0,300.0,0.0,Urban,Y
332,345,364,LP002180,Male,No,0,Graduate,Yes,6822,0.0,141.0,360.0,1.0,Rural,Y
333,346,365,LP002181,Male,No,0,Not Graduate,No,6216,0.0,133.0,360.0,1.0,Rural,N
334,347,366,LP002187,Male,No,0,Graduate,No,2500,0.0,96.0,480.0,1.0,Semiurban,N
335,348,367,LP002188,Male,No,0,Graduate,No,5124,0.0,124.0,,0.0,Rural,N
336,349,368,LP002190,Male,Yes,1,Graduate,No,6325,0.0,175.0,360.0,1.0,Semiurban,Y
337,350,369,LP002191,Male,Yes,0,Graduate,No,19730,5266.0,570.0,360.0,1.0,Rural,N
338,351,370,LP002194,Female,No,0,Graduate,Yes,15759,0.0,55.0,360.0,1.0,Semiurban,Y
339,352,371,LP002197,Male,Yes,2,Graduate,No,5185,0.0,155.0,360.0,1.0,Semiurban,Y
340,353,372,LP002201,Male,Yes,2,Graduate,Yes,9323,7873.0,380.0,300.0,1.0,Rural,Y
341,354,373,LP002205,Male,No,1,Graduate,No,3062,1987.0,111.0,180.0,0.0,Urban,N
342,355,375,LP002211,Male,Yes,0,Graduate,No,4817,923.0,120.0,180.0,1.0,Urban,Y
343,356,376,LP002219,Male,Yes,3,Graduate,No,8750,4996.0,130.0,360.0,1.0,Rural,Y
344,357,377,LP002223,Male,Yes,0,Graduate,No,4310,0.0,130.0,360.0,0.0,Semiurban,Y
345,358,378,LP002224,Male,No,0,Graduate,No,3069,0.0,71.0,480.0,1.0,Urban,N
346,359,379,LP002225,Male,Yes,2,Graduate,No,5391,0.0,130.0,360.0,1.0,Urban,Y
347,360,381,LP002229,Male,No,0,Graduate,No,5941,4232.0,296.0,360.0,1.0,Semiurban,Y
348,361,382,LP002231,Female,No,0,Graduate,No,6000,0.0,156.0,360.0,1.0,Urban,Y
349,362,383,LP002234,Male,No,0,Graduate,Yes,7167,0.0,128.0,360.0,1.0,Urban,Y
350,363,384,LP002236,Male,Yes,2,Graduate,No,4566,0.0,100.0,360.0,1.0,Urban,N
351,364,386,LP002239,Male,No,0,Not Graduate,No,2346,1600.0,132.0,360.0,1.0,Semiurban,Y
352,366,388,LP002244,Male,Yes,0,Graduate,No,2333,2417.0,136.0,360.0,1.0,Urban,Y
353,367,389,LP002250,Male,Yes,0,Graduate,No,5488,0.0,125.0,360.0,1.0,Rural,Y
354,368,390,LP002255,Male,No,3,Graduate,No,9167,0.0,185.0,360.0,1.0,Rural,Y
355,369,391,LP002262,Male,Yes,3,Graduate,No,9504,0.0,275.0,360.0,1.0,Rural,Y
356,370,392,LP002263,Male,Yes,0,Graduate,No,2583,2115.0,120.0,360.0,0.0,Urban,Y
357,371,393,LP002265,Male,Yes,2,Not Graduate,No,1993,1625.0,113.0,180.0,1.0,Semiurban,Y
358,372,394,LP002266,Male,Yes,2,Graduate,No,3100,1400.0,113.0,360.0,1.0,Urban,Y
359,373,395,LP002272,Male,Yes,2,Graduate,No,3276,484.0,135.0,360.0,0.0,Semiurban,Y
360,374,396,LP002277,Female,No,0,Graduate,No,3180,0.0,71.0,360.0,0.0,Urban,N
361,375,397,LP002281,Male,Yes,0,Graduate,No,3033,1459.0,95.0,360.0,1.0,Urban,Y
362,376,398,LP002284,Male,No,0,Not Graduate,No,3902,1666.0,109.0,360.0,1.0,Rural,Y
363,377,399,LP002287,Female,No,0,Graduate,No,1500,1800.0,103.0,360.0,0.0,Semiurban,N
364,378,400,LP002288,Male,Yes,2,Not Graduate,No,2889,0.0,45.0,180.0,0.0,Urban,N
365,379,401,LP002296,Male,No,0,Not Graduate,No,2755,0.0,65.0,300.0,1.0,Rural,N
366,380,402,LP002297,Male,No,0,Graduate,No,2500,20000.0,103.0,360.0,1.0,Semiurban,Y
367,381,403,LP002300,Female,No,0,Not Graduate,No,1963,0.0,53.0,360.0,1.0,Semiurban,Y
368,382,404,LP002301,Female,No,0,Graduate,Yes,7441,0.0,194.0,360.0,1.0,Rural,N
369,383,405,LP002305,Female,No,0,Graduate,No,4547,0.0,115.0,360.0,1.0,Semiurban,Y
370,384,406,LP002308,Male,Yes,0,Not Graduate,No,2167,2400.0,115.0,360.0,1.0,Urban,Y
371,385,407,LP002314,Female,No,0,Not Graduate,No,2213,0.0,66.0,360.0,1.0,Rural,Y
372,386,408,LP002315,Male,Yes,1,Graduate,No,8300,0.0,152.0,300.0,0.0,Semiurban,N
373,387,409,LP002317,Male,Yes,3,Graduate,No,81000,0.0,360.0,360.0,0.0,Rural,N
374,388,410,LP002318,Female,No,1,Not Graduate,Yes,3867,0.0,62.0,360.0,1.0,Semiurban,N
375,389,412,LP002328,Male,Yes,0,Not Graduate,No,6096,0.0,218.0,360.0,0.0,Rural,N
376,390,413,LP002332,Male,Yes,0,Not Graduate,No,2253,2033.0,110.0,360.0,1.0,Rural,Y
377,391,414,LP002335,Female,Yes,0,Not Graduate,No,2149,3237.0,178.0,360.0,0.0,Semiurban,N
378,392,415,LP002337,Female,No,0,Graduate,No,2995,0.0,60.0,360.0,1.0,Urban,Y
379,393,416,LP002341,Female,No,1,Graduate,No,2600,0.0,160.0,360.0,1.0,Urban,N
380,394,417,LP002342,Male,Yes,2,Graduate,Yes,1600,20000.0,239.0,360.0,1.0,Urban,N
381,395,418,LP002345,Male,Yes,0,Graduate,No,1025,2773.0,112.0,360.0,1.0,Rural,Y
382,396,419,LP002347,Male,Yes,0,Graduate,No,3246,1417.0,138.0,360.0,1.0,Semiurban,Y
383,397,420,LP002348,Male,Yes,0,Graduate,No,5829,0.0,138.0,360.0,1.0,Rural,Y
384,398,421,LP002357,Female,No,0,Not Graduate,No,2720,0.0,80.0,,0.0,Urban,N
385,399,422,LP002361,Male,Yes,0,Graduate,No,1820,1719.0,100.0,360.0,1.0,Urban,Y
386,400,423,LP002362,Male,Yes,1,Graduate,No,7250,1667.0,110.0,,0.0,Urban,N
387,401,424,LP002364,Male,Yes,0,Graduate,No,14880,0.0,96.0,360.0,1.0,Semiurban,Y
388,402,425,LP002366,Male,Yes,0,Graduate,No,2666,4300.0,121.0,360.0,1.0,Rural,Y
389,403,426,LP002367,Female,No,1,Not Graduate,No,4606,0.0,81.0,360.0,1.0,Rural,N
390,404,427,LP002368,Male,Yes,2,Graduate,No,5935,0.0,133.0,360.0,1.0,Semiurban,Y
391,405,428,LP002369,Male,Yes,0,Graduate,No,2920,16.12000084,87.0,360.0,1.0,Rural,Y
392,406,429,LP002370,Male,No,0,Not Graduate,No,2717,0.0,60.0,180.0,1.0,Urban,Y
393,407,430,LP002377,Female,No,1,Graduate,Yes,8624,0.0,150.0,360.0,1.0,Semiurban,Y
394,408,431,LP002379,Male,No,0,Graduate,No,6500,0.0,105.0,360.0,0.0,Rural,N
395,409,433,LP002387,Male,Yes,0,Graduate,No,2425,2340.0,143.0,360.0,1.0,Semiurban,Y
396,410,434,LP002390,Male,No,0,Graduate,No,3750,0.0,100.0,360.0,1.0,Urban,Y
397,412,436,LP002398,Male,No,0,Graduate,No,1926,1851.0,50.0,360.0,1.0,Semiurban,Y
398,414,438,LP002403,Male,No,0,Graduate,Yes,10416,0.0,187.0,360.0,0.0,Urban,N
399,415,439,LP002407,Female,Yes,0,Not Graduate,Yes,7142,0.0,138.0,360.0,1.0,Rural,Y
400,416,440,LP002408,Male,No,0,Graduate,No,3660,5064.0,187.0,360.0,1.0,Semiurban,Y
401,417,441,LP002409,Male,Yes,0,Graduate,No,7901,1833.0,180.0,360.0,1.0,Rural,Y
402,418,442,LP002418,Male,No,3,Not Graduate,No,4707,1993.0,148.0,360.0,1.0,Semiurban,Y
403,419,443,LP002422,Male,No,1,Graduate,No,37719,0.0,152.0,360.0,1.0,Semiurban,Y
404,420,444,LP002424,Male,Yes,0,Graduate,No,7333,8333.0,175.0,300.0,0.0,Rural,Y
405,421,445,LP002429,Male,Yes,1,Graduate,Yes,3466,1210.0,130.0,360.0,1.0,Rural,Y
406,422,446,LP002434,Male,Yes,2,Not Graduate,No,4652,0.0,110.0,360.0,1.0,Rural,Y
407,423,448,LP002443,Male,Yes,2,Graduate,No,3340,1710.0,150.0,360.0,0.0,Rural,N
408,424,449,LP002444,Male,No,1,Not Graduate,Yes,2769,1542.0,190.0,360.0,0.0,Semiurban,N
409,425,450,LP002446,Male,Yes,2,Not Graduate,No,2309,1255.0,125.0,360.0,0.0,Rural,N
410,426,451,LP002447,Male,Yes,2,Not Graduate,No,1958,1456.0,60.0,300.0,0.0,Urban,Y
411,427,452,LP002448,Male,Yes,0,Graduate,No,3948,1733.0,149.0,360.0,0.0,Rural,N
412,428,453,LP002449,Male,Yes,0,Graduate,No,2483,2466.0,90.0,180.0,0.0,Rural,Y
413,429,454,LP002453,Male,No,0,Graduate,Yes,7085,0.0,84.0,360.0,1.0,Semiurban,Y
414,430,455,LP002455,Male,Yes,2,Graduate,No,3859,0.0,96.0,360.0,1.0,Semiurban,Y
415,431,456,LP002459,Male,Yes,0,Graduate,No,4301,0.0,118.0,360.0,1.0,Urban,Y
416,432,457,LP002467,Male,Yes,0,Graduate,No,3708,2569.0,173.0,360.0,1.0,Urban,N
417,433,458,LP002472,Male,No,2,Graduate,No,4354,0.0,136.0,360.0,1.0,Rural,Y
418,434,459,LP002473,Male,Yes,0,Graduate,No,8334,0.0,160.0,360.0,1.0,Semiurban,N
419,435,460,LP002478,Male,Yes,0,Graduate,Yes,2083,4083.0,160.0,360.0,0.0,Semiurban,Y
420,436,461,LP002484,Male,Yes,3,Graduate,No,7740,0.0,128.0,180.0,1.0,Urban,Y
421,437,462,LP002487,Male,Yes,0,Graduate,No,3015,2188.0,153.0,360.0,1.0,Rural,Y
422,438,464,LP002493,Male,No,0,Graduate,No,4166,0.0,98.0,360.0,0.0,Semiurban,N
423,439,465,LP002494,Male,No,0,Graduate,No,6000,0.0,140.0,360.0,1.0,Rural,Y
424,440,466,LP002500,Male,Yes,3,Not Graduate,No,2947,1664.0,70.0,180.0,0.0,Urban,N
425,441,467,LP002501,Male,Yes,0,Graduate,No,16692,0.0,110.0,360.0,1.0,Semiurban,Y
426,442,469,LP002505,Male,Yes,0,Graduate,No,4333,2451.0,110.0,360.0,1.0,Urban,N
427,443,470,LP002515,Male,Yes,1,Graduate,Yes,3450,2079.0,162.0,360.0,1.0,Semiurban,Y
428,444,471,LP002517,Male,Yes,1,Not Graduate,No,2653,1500.0,113.0,180.0,0.0,Rural,N
429,445,472,LP002519,Male,Yes,3,Graduate,No,4691,0.0,100.0,360.0,1.0,Semiurban,Y
430,446,473,LP002522,Female,No,0,Graduate,Yes,2500,0.0,93.0,360.0,0.0,Urban,Y
431,447,474,LP002524,Male,No,2,Graduate,No,5532,4648.0,162.0,360.0,1.0,Rural,Y
432,448,475,LP002527,Male,Yes,2,Graduate,Yes,16525,1014.0,150.0,360.0,1.0,Rural,Y
433,449,476,LP002529,Male,Yes,2,Graduate,No,6700,1750.0,230.0,300.0,1.0,Semiurban,Y
434,450,477,LP002530,Male,Yes,2,Graduate,No,2873,1872.0,132.0,360.0,0.0,Semiurban,N
435,451,478,LP002531,Male,Yes,1,Graduate,Yes,16667,2250.0,86.0,360.0,1.0,Semiurban,Y
436,453,480,LP002534,Female,No,0,Not Graduate,No,4350,0.0,154.0,360.0,1.0,Rural,Y
437,454,481,LP002536,Male,Yes,3,Not Graduate,No,3095,0.0,113.0,360.0,1.0,Rural,Y
438,455,482,LP002537,Male,Yes,0,Graduate,No,2083,3150.0,128.0,360.0,1.0,Semiurban,Y
439,456,483,LP002541,Male,Yes,0,Graduate,No,10833,0.0,234.0,360.0,1.0,Semiurban,Y
440,457,484,LP002543,Male,Yes,2,Graduate,No,8333,0.0,246.0,360.0,1.0,Semiurban,Y
441,458,485,LP002544,Male,Yes,1,Not Graduate,No,1958,2436.0,131.0,360.0,1.0,Rural,Y
442,459,486,LP002545,Male,No,2,Graduate,No,3547,0.0,80.0,360.0,0.0,Rural,N
443,460,487,LP002547,Male,Yes,1,Graduate,No,18333,0.0,500.0,360.0,1.0,Urban,N
444,461,488,LP002555,Male,Yes,2,Graduate,Yes,4583,2083.0,160.0,360.0,1.0,Semiurban,Y
445,462,489,LP002556,Male,No,0,Graduate,No,2435,0.0,75.0,360.0,1.0,Urban,N
446,463,490,LP002560,Male,No,0,Not Graduate,No,2699,2785.0,96.0,360.0,0.0,Semiurban,Y
447,464,491,LP002562,Male,Yes,1,Not Graduate,No,5333,1131.0,186.0,360.0,0.0,Urban,Y
448,465,492,LP002571,Male,No,0,Not Graduate,No,3691,0.0,110.0,360.0,1.0,Rural,Y
449,466,493,LP002582,Female,No,0,Not Graduate,Yes,17263,0.0,225.0,360.0,1.0,Semiurban,Y
450,467,494,LP002585,Male,Yes,0,Graduate,No,3597,2157.0,119.0,360.0,0.0,Rural,N
451,468,495,LP002586,Female,Yes,1,Graduate,No,3326,913.0,105.0,84.0,1.0,Semiurban,Y
452,469,496,LP002587,Male,Yes,0,Not Graduate,No,2600,1700.0,107.0,360.0,1.0,Rural,Y
453,470,497,LP002588,Male,Yes,0,Graduate,No,4625,2857.0,111.0,12.0,0.0,Urban,Y
454,471,498,LP002600,Male,Yes,1,Graduate,Yes,2895,0.0,95.0,360.0,1.0,Semiurban,Y
455,472,499,LP002602,Male,No,0,Graduate,No,6283,4416.0,209.0,360.0,0.0,Rural,N
456,473,500,LP002603,Female,No,0,Graduate,No,645,3683.0,113.0,480.0,1.0,Rural,Y
457,474,501,LP002606,Female,No,0,Graduate,No,3159,0.0,100.0,360.0,1.0,Semiurban,Y
458,475,502,LP002615,Male,Yes,2,Graduate,No,4865,5624.0,208.0,360.0,1.0,Semiurban,Y
459,476,503,LP002618,Male,Yes,1,Not Graduate,No,4050,5302.0,138.0,360.0,0.0,Rural,N
460,477,504,LP002619,Male,Yes,0,Not Graduate,No,3814,1483.0,124.0,300.0,1.0,Semiurban,Y
461,478,505,LP002622,Male,Yes,2,Graduate,No,3510,4416.0,243.0,360.0,1.0,Rural,Y
462,479,506,LP002624,Male,Yes,0,Graduate,No,20833,6667.0,480.0,360.0,0.0,Urban,Y
463,480,507,LP002625,Male,No,0,Graduate,No,3583,0.0,96.0,360.0,1.0,Urban,N
464,481,508,LP002626,Male,Yes,0,Graduate,Yes,2479,3013.0,188.0,360.0,1.0,Urban,Y
465,482,509,LP002634,Female,No,1,Graduate,No,13262,0.0,40.0,360.0,1.0,Urban,Y
466,483,510,LP002637,Male,No,0,Not Graduate,No,3598,1287.0,100.0,360.0,1.0,Rural,N
467,484,511,LP002640,Male,Yes,1,Graduate,No,6065,2004.0,250.0,360.0,1.0,Semiurban,Y
468,485,512,LP002643,Male,Yes,2,Graduate,No,3283,2035.0,148.0,360.0,1.0,Urban,Y
469,486,513,LP002648,Male,Yes,0,Graduate,No,2130,6666.0,70.0,180.0,1.0,Semiurban,N
470,487,514,LP002652,Male,No,0,Graduate,No,5815,3666.0,311.0,360.0,1.0,Rural,N
471,488,515,LP002659,Male,Yes,3,Graduate,No,3466,3428.0,150.0,360.0,1.0,Rural,Y
472,489,516,LP002670,Female,Yes,2,Graduate,No,2031,1632.0,113.0,480.0,1.0,Semiurban,Y
473,490,517,LP002682,Male,Yes,0,Not Graduate,No,3074,1800.0,123.0,360.0,0.0,Semiurban,N
474,491,518,LP002683,Male,No,0,Graduate,No,4683,1915.0,185.0,360.0,1.0,Semiurban,N
475,492,519,LP002684,Female,No,0,Not Graduate,No,3400,0.0,95.0,360.0,1.0,Rural,N
476,493,520,LP002689,Male,Yes,2,Not Graduate,No,2192,1742.0,45.0,360.0,1.0,Semiurban,Y
477,494,521,LP002690,Male,No,0,Graduate,No,2500,0.0,55.0,360.0,1.0,Semiurban,Y
478,495,522,LP002692,Male,Yes,3,Graduate,Yes,5677,1424.0,100.0,360.0,1.0,Rural,Y
479,496,523,LP002693,Male,Yes,2,Graduate,Yes,7948,7166.0,480.0,360.0,1.0,Rural,Y
480,498,525,LP002699,Male,Yes,2,Graduate,Yes,17500,0.0,400.0,360.0,1.0,Rural,Y
481,499,526,LP002705,Male,Yes,0,Graduate,No,3775,0.0,110.0,360.0,1.0,Semiurban,Y
482,500,527,LP002706,Male,Yes,1,Not Graduate,No,5285,1430.0,161.0,360.0,0.0,Semiurban,Y
483,501,528,LP002714,Male,No,1,Not Graduate,No,2679,1302.0,94.0,360.0,1.0,Semiurban,Y
484,502,529,LP002716,Male,No,0,Not Graduate,No,6783,0.0,130.0,360.0,1.0,Semiurban,Y
485,503,530,LP002717,Male,Yes,0,Graduate,No,1025,5500.0,216.0,360.0,0.0,Rural,Y
486,504,531,LP002720,Male,Yes,3,Graduate,No,4281,0.0,100.0,360.0,1.0,Urban,Y
487,505,532,LP002723,Male,No,2,Graduate,No,3588,0.0,110.0,360.0,0.0,Rural,N
488,506,533,LP002729,Male,No,1,Graduate,No,11250,0.0,196.0,360.0,0.0,Semiurban,N
489,507,534,LP002731,Female,No,0,Not Graduate,Yes,18165,0.0,125.0,360.0,1.0,Urban,Y
490,508,536,LP002734,Male,Yes,0,Graduate,No,6133,3906.0,324.0,360.0,1.0,Urban,Y
491,509,537,LP002738,Male,No,2,Graduate,No,3617,0.0,107.0,360.0,1.0,Semiurban,Y
492,510,538,LP002739,Male,Yes,0,Not Graduate,No,2917,536.0,66.0,360.0,1.0,Rural,N
493,511,539,LP002740,Male,Yes,3,Graduate,No,6417,0.0,157.0,180.0,1.0,Rural,Y
494,512,540,LP002741,Female,Yes,1,Graduate,No,4608,2845.0,140.0,180.0,1.0,Semiurban,Y
495,513,541,LP002743,Female,No,0,Graduate,No,2138,0.0,99.0,360.0,0.0,Semiurban,N
496,514,543,LP002755,Male,Yes,1,Not Graduate,No,2239,2524.0,128.0,360.0,1.0,Urban,Y
497,515,544,LP002757,Female,Yes,0,Not Graduate,No,3017,663.0,102.0,360.0,0.0,Semiurban,Y
498,516,545,LP002767,Male,Yes,0,Graduate,No,2768,1950.0,155.0,360.0,1.0,Rural,Y
499,517,546,LP002768,Male,No,0,Not Graduate,No,3358,0.0,80.0,36.0,1.0,Semiurban,N
500,518,547,LP002772,Male,No,0,Graduate,No,2526,1783.0,145.0,360.0,1.0,Rural,Y
501,519,548,LP002776,Female,No,0,Graduate,No,5000,0.0,103.0,360.0,0.0,Semiurban,N
502,520,549,LP002777,Male,Yes,0,Graduate,No,2785,2016.0,110.0,360.0,1.0,Rural,Y
503,523,552,LP002785,Male,Yes,1,Graduate,No,3333,3250.0,158.0,360.0,1.0,Urban,Y
504,524,553,LP002788,Male,Yes,0,Not Graduate,No,2454,2333.0,181.0,360.0,0.0,Urban,N
505,525,554,LP002789,Male,Yes,0,Graduate,No,3593,4266.0,132.0,180.0,0.0,Rural,N
506,526,555,LP002792,Male,Yes,1,Graduate,No,5468,1032.0,26.0,360.0,1.0,Semiurban,Y
507,527,556,LP002794,Female,No,0,Graduate,No,2667,1625.0,84.0,360.0,0.0,Urban,Y
508,528,557,LP002795,Male,Yes,3,Graduate,Yes,10139,0.0,260.0,360.0,1.0,Semiurban,Y
509,529,558,LP002798,Male,Yes,0,Graduate,No,3887,2669.0,162.0,360.0,1.0,Semiurban,Y
510,530,559,LP002804,Female,Yes,0,Graduate,No,4180,2306.0,182.0,360.0,1.0,Semiurban,Y
511,531,560,LP002807,Male,Yes,2,Not Graduate,No,3675,242.0,108.0,360.0,1.0,Semiurban,Y
512,532,561,LP002813,Female,Yes,1,Graduate,Yes,19484,0.0,600.0,360.0,1.0,Semiurban,Y
513,533,562,LP002820,Male,Yes,0,Graduate,No,5923,2054.0,211.0,360.0,1.0,Rural,Y
514,534,563,LP002821,Male,No,0,Not Graduate,Yes,5800,0.0,132.0,360.0,1.0,Semiurban,Y
515,535,564,LP002832,Male,Yes,2,Graduate,No,8799,0.0,258.0,360.0,0.0,Urban,N
516,536,565,LP002833,Male,Yes,0,Not Graduate,No,4467,0.0,120.0,360.0,0.0,Rural,Y
517,537,566,LP002836,Male,No,0,Graduate,No,3333,0.0,70.0,360.0,1.0,Urban,Y
518,538,567,LP002837,Male,Yes,3,Graduate,No,3400,2500.0,123.0,360.0,0.0,Rural,N
519,539,568,LP002840,Female,No,0,Graduate,No,2378,0.0,9.0,360.0,1.0,Urban,N
520,540,569,LP002841,Male,Yes,0,Graduate,No,3166,2064.0,104.0,360.0,0.0,Urban,N
521,541,570,LP002842,Male,Yes,1,Graduate,No,3417,1750.0,186.0,360.0,1.0,Urban,Y
522,542,571,LP002847,Male,Yes,0,Graduate,No,5116,1451.0,165.0,360.0,0.0,Urban,N
523,543,572,LP002855,Male,Yes,2,Graduate,No,16666,0.0,275.0,360.0,1.0,Urban,Y
524,544,573,LP002862,Male,Yes,2,Not Graduate,No,6125,1625.0,187.0,480.0,1.0,Semiurban,N
525,545,574,LP002863,Male,Yes,3,Graduate,No,6406,0.0,150.0,360.0,1.0,Semiurban,N
526,546,575,LP002868,Male,Yes,2,Graduate,No,3159,461.0,108.0,84.0,1.0,Urban,Y
527,547,576,LP002872,Male,Yes,0,Graduate,No,3087,2210.0,136.0,360.0,0.0,Semiurban,N
528,548,577,LP002874,Male,No,0,Graduate,No,3229,2739.0,110.0,360.0,1.0,Urban,Y
529,549,578,LP002877,Male,Yes,1,Graduate,No,1782,2232.0,107.0,360.0,1.0,Rural,Y
530,550,580,LP002892,Male,Yes,2,Graduate,No,6540,0.0,205.0,360.0,1.0,Semiurban,Y
531,551,581,LP002893,Male,No,0,Graduate,No,1836,33837.0,90.0,360.0,1.0,Urban,N
532,552,582,LP002894,Female,Yes,0,Graduate,No,3166,0.0,36.0,360.0,1.0,Semiurban,Y
533,553,583,LP002898,Male,Yes,1,Graduate,No,1880,0.0,61.0,360.0,0.0,Rural,N
534,554,584,LP002911,Male,Yes,1,Graduate,No,2787,1917.0,146.0,360.0,0.0,Rural,N
535,555,585,LP002912,Male,Yes,1,Graduate,No,4283,3000.0,172.0,84.0,1.0,Rural,N
536,556,586,LP002916,Male,Yes,0,Graduate,No,2297,1522.0,104.0,360.0,1.0,Urban,Y
537,557,587,LP002917,Female,No,0,Not Graduate,No,2165,0.0,70.0,360.0,1.0,Semiurban,Y
538,558,588,LP002925,Male,No,0,Graduate,No,4750,0.0,94.0,360.0,1.0,Semiurban,Y
539,559,589,LP002926,Male,Yes,2,Graduate,Yes,2726,0.0,106.0,360.0,0.0,Semiurban,N
540,560,590,LP002928,Male,Yes,0,Graduate,No,3000,3416.0,56.0,180.0,1.0,Semiurban,Y
541,561,591,LP002931,Male,Yes,2,Graduate,Yes,6000,0.0,205.0,240.0,1.0,Semiurban,N
542,562,592,LP002933,Male,No,3,Graduate,Yes,9357,0.0,292.0,360.0,1.0,Semiurban,Y
543,563,593,LP002936,Male,Yes,0,Graduate,No,3859,3300.0,142.0,180.0,1.0,Rural,Y
544,564,594,LP002938,Male,Yes,0,Graduate,Yes,16120,0.0,260.0,360.0,1.0,Urban,Y
545,565,595,LP002940,Male,No,0,Not Graduate,No,3833,0.0,110.0,360.0,1.0,Rural,Y
546,566,596,LP002941,Male,Yes,2,Not Graduate,Yes,6383,1000.0,187.0,360.0,1.0,Rural,N
547,567,597,LP002943,Male,No,0,Graduate,No,2987,0.0,88.0,360.0,0.0,Semiurban,N
548,568,598,LP002945,Male,Yes,0,Graduate,Yes,9963,0.0,180.0,360.0,1.0,Rural,Y
549,569,599,LP002948,Male,Yes,2,Graduate,No,5780,0.0,192.0,360.0,1.0,Urban,Y
550,570,602,LP002953,Male,Yes,3,Graduate,No,5703,0.0,128.0,360.0,1.0,Urban,Y
551,571,603,LP002958,Male,No,0,Graduate,No,3676,4301.0,172.0,360.0,1.0,Rural,Y
552,572,604,LP002959,Female,Yes,1,Graduate,No,12000,0.0,496.0,360.0,1.0,Semiurban,Y
553,574,606,LP002961,Male,Yes,1,Graduate,No,3400,2500.0,173.0,360.0,1.0,Semiurban,Y
554,575,607,LP002964,Male,Yes,2,Not Graduate,No,3987,1411.0,157.0,360.0,1.0,Rural,Y
555,576,608,LP002974,Male,Yes,0,Graduate,No,3232,1950.0,108.0,360.0,1.0,Rural,Y
556,577,609,LP002978,Female,No,0,Graduate,No,2900,0.0,71.0,360.0,1.0,Rural,Y
557,578,610,LP002979,Male,Yes,3,Graduate,No,4106,0.0,40.0,180.0,1.0,Rural,Y
558,579,611,LP002983,Male,Yes,1,Graduate,No,8072,240.0,253.0,360.0,1.0,Urban,Y
559,580,612,LP002984,Male,Yes,2,Graduate,No,7583,0.0,187.0,360.0,1.0,Urban,Y
560,581,613,LP002990,Female,No,0,Graduate,Yes,4583,0.0,133.0,360.0,0.0,Semiurban,N
561,582,614,LP001015,Male,Yes,0,Graduate,No,5720,0.0,110.0,360.0,1.0,Urban,X
562,583,615,LP001022,Male,Yes,1,Graduate,No,3076,1500.0,126.0,360.0,1.0,Urban,X
563,584,616,LP001031,Male,Yes,2,Graduate,No,5000,1800.0,208.0,360.0,1.0,Urban,X
564,585,617,LP001035,Male,Yes,2,Graduate,No,2340,2546.0,100.0,360.0,0.0,Urban,X
565,586,618,LP001051,Male,No,0,Not Graduate,No,3276,0.0,78.0,360.0,1.0,Urban,X
566,587,619,LP001054,Male,Yes,0,Not Graduate,Yes,2165,3422.0,152.0,360.0,1.0,Urban,X
567,588,620,LP001055,Female,No,1,Not Graduate,No,2226,0.0,59.0,360.0,1.0,Semiurban,X
568,589,621,LP001056,Male,Yes,2,Not Graduate,No,3881,0.0,147.0,360.0,0.0,Rural,X
569,590,623,LP001067,Male,No,0,Not Graduate,No,2400,2400.0,123.0,360.0,1.0,Semiurban,X
570,591,624,LP001078,Male,No,0,Not Graduate,No,3091,0.0,90.0,360.0,1.0,Urban,X
571,592,626,LP001083,Male,No,3,Graduate,No,4166,0.0,40.0,180.0,0.0,Urban,X
572,593,628,LP001096,Female,No,0,Graduate,No,4666,0.0,124.0,360.0,1.0,Semiurban,X
573,594,629,LP001099,Male,No,1,Graduate,No,5667,0.0,131.0,360.0,1.0,Urban,X
574,595,630,LP001105,Male,Yes,2,Graduate,No,4583,2916.0,200.0,360.0,1.0,Urban,X
575,596,631,LP001107,Male,Yes,3,Graduate,No,3786,333.0,126.0,360.0,1.0,Semiurban,X
576,597,632,LP001108,Male,Yes,0,Graduate,No,9226,7916.0,300.0,360.0,1.0,Urban,X
577,598,633,LP001115,Male,No,0,Graduate,No,1300,3470.0,100.0,180.0,1.0,Semiurban,X
578,599,634,LP001121,Male,Yes,1,Not Graduate,No,1888,1620.0,48.0,360.0,1.0,Urban,X
579,600,635,LP001124,Female,No,3,Not Graduate,No,2083,0.0,28.0,180.0,1.0,Urban,X
580,601,636,LP001128,Male,No,0,Graduate,No,3909,0.0,101.0,360.0,1.0,Urban,X
581,602,637,LP001135,Female,No,0,Not Graduate,No,3765,0.0,125.0,360.0,1.0,Urban,X
582,603,638,LP001149,Male,Yes,0,Graduate,No,5400,4380.0,290.0,360.0,1.0,Urban,X
583,604,639,LP001153,Male,No,0,Graduate,No,0,24000.0,148.0,360.0,0.0,Rural,X
584,605,640,LP001163,Male,Yes,2,Graduate,No,4363,1250.0,140.0,360.0,0.0,Urban,X
585,606,641,LP001169,Male,Yes,0,Graduate,No,7500,3750.0,275.0,360.0,1.0,Urban,X
586,607,642,LP001174,Male,Yes,0,Graduate,No,3772,833.0,57.0,360.0,0.0,Semiurban,X
587,608,643,LP001176,Male,No,0,Graduate,No,2942,2382.0,125.0,180.0,1.0,Urban,X
588,609,644,LP001177,Female,No,0,Not Graduate,No,2478,0.0,75.0,360.0,1.0,Semiurban,X
589,610,645,LP001183,Male,Yes,2,Graduate,No,6250,820.0,192.0,360.0,1.0,Urban,X
590,611,646,LP001185,Male,No,0,Graduate,No,3268,1683.0,152.0,360.0,1.0,Semiurban,X
591,612,647,LP001187,Male,Yes,0,Graduate,No,2783,2708.0,158.0,360.0,1.0,Urban,X
592,613,648,LP001190,Male,Yes,0,Graduate,No,2740,1541.0,101.0,360.0,1.0,Urban,X
593,614,649,LP001203,Male,No,0,Graduate,No,3150,0.0,176.0,360.0,0.0,Semiurban,X
594,615,651,LP001210,Male,Yes,0,Graduate,Yes,2267,2792.0,90.0,360.0,1.0,Urban,X
595,616,652,LP001211,Male,No,0,Graduate,Yes,5833,0.0,116.0,360.0,1.0,Urban,X
596,617,653,LP001219,Male,No,0,Graduate,No,3643,1963.0,138.0,360.0,1.0,Urban,X
597,618,654,LP001220,Male,Yes,0,Graduate,No,5629,818.0,100.0,360.0,1.0,Urban,X
598,619,655,LP001221,Female,No,0,Graduate,No,3644,0.0,110.0,360.0,1.0,Urban,X
599,620,656,LP001226,Male,Yes,0,Not Graduate,No,1750,2024.0,90.0,360.0,1.0,Semiurban,X
600,621,657,LP001230,Male,No,0,Graduate,No,6500,2600.0,200.0,360.0,1.0,Semiurban,X
601,622,658,LP001231,Female,No,0,Graduate,No,3666,0.0,84.0,360.0,1.0,Urban,X
602,623,659,LP001232,Male,Yes,0,Graduate,No,4260,3900.0,185.0,,0.0,Urban,X
603,624,660,LP001237,Male,Yes,0,Not Graduate,No,4163,1475.0,162.0,360.0,1.0,Urban,X
604,625,661,LP001242,Male,No,0,Not Graduate,No,2356,1902.0,108.0,360.0,1.0,Semiurban,X
605,626,662,LP001268,Male,No,0,Graduate,No,6792,3338.0,187.0,,1.0,Urban,X
606,627,663,LP001270,Male,Yes,3,Not Graduate,Yes,8000,250.0,187.0,360.0,1.0,Semiurban,X
607,628,664,LP001284,Male,Yes,1,Graduate,No,2419,1707.0,124.0,360.0,1.0,Urban,X
608,629,665,LP001287,Male,Yes,3,Not Graduate,No,3500,833.0,120.0,360.0,1.0,Semiurban,X
609,630,666,LP001291,Male,Yes,1,Graduate,No,3500,3077.0,160.0,360.0,1.0,Semiurban,X
610,631,667,LP001298,Male,Yes,2,Graduate,No,4116,1000.0,30.0,180.0,1.0,Urban,X
611,632,668,LP001312,Male,Yes,0,Not Graduate,Yes,5293,0.0,92.0,360.0,1.0,Urban,X
612,633,669,LP001313,Male,No,0,Graduate,No,2750,0.0,130.0,360.0,0.0,Urban,X
613,634,670,LP001317,Female,No,0,Not Graduate,No,4402,0.0,130.0,360.0,1.0,Rural,X
614,635,671,LP001321,Male,Yes,2,Graduate,No,3613,3539.0,134.0,180.0,1.0,Semiurban,X
615,636,672,LP001323,Female,Yes,2,Graduate,No,2779,3664.0,176.0,360.0,0.0,Semiurban,X
616,637,673,LP001324,Male,Yes,3,Graduate,No,4720,0.0,90.0,180.0,1.0,Semiurban,X
617,638,674,LP001332,Male,Yes,0,Not Graduate,No,2415,1721.0,110.0,360.0,1.0,Semiurban,X
618,639,675,LP001335,Male,Yes,0,Graduate,Yes,7016,292.0,125.0,360.0,1.0,Urban,X
619,640,676,LP001338,Female,No,2,Graduate,No,4968,0.0,189.0,360.0,1.0,Semiurban,X
620,641,677,LP001347,Female,No,0,Graduate,No,2101,1500.0,108.0,360.0,0.0,Rural,X
621,642,678,LP001348,Male,Yes,3,Not Graduate,No,4490,0.0,125.0,360.0,1.0,Urban,X
622,643,679,LP001351,Male,Yes,0,Graduate,No,2917,3583.0,138.0,360.0,1.0,Semiurban,X
623,644,680,LP001352,Male,Yes,0,Not Graduate,No,4700,0.0,135.0,360.0,0.0,Semiurban,X
624,645,681,LP001358,Male,Yes,0,Graduate,No,3445,0.0,130.0,360.0,0.0,Semiurban,X
625,646,682,LP001359,Male,Yes,0,Graduate,No,7666,0.0,187.0,360.0,1.0,Semiurban,X
626,647,683,LP001361,Male,Yes,0,Graduate,No,2458,5105.0,188.0,360.0,0.0,Rural,X
627,648,684,LP001366,Female,No,0,Graduate,No,3250,0.0,95.0,360.0,1.0,Semiurban,X
628,649,685,LP001368,Male,No,0,Graduate,No,4463,0.0,65.0,360.0,1.0,Semiurban,X
629,650,687,LP001380,Male,Yes,0,Graduate,Yes,3900,2094.0,232.0,360.0,1.0,Rural,X
630,651,688,LP001386,Male,Yes,0,Not Graduate,No,4750,3583.0,144.0,360.0,1.0,Semiurban,X
631,652,689,LP001400,Male,No,0,Graduate,No,3583,3435.0,155.0,360.0,1.0,Urban,X
632,653,690,LP001407,Male,Yes,0,Graduate,No,3189,2367.0,186.0,360.0,1.0,Urban,X
633,654,691,LP001413,Male,No,0,Graduate,Yes,6356,0.0,50.0,360.0,1.0,Rural,X
634,656,693,LP001419,Female,Yes,0,Graduate,No,7950,0.0,185.0,360.0,1.0,Urban,X
635,657,694,LP001420,Male,Yes,3,Graduate,No,3829,1103.0,163.0,360.0,0.0,Urban,X
636,658,695,LP001428,Male,Yes,3,Graduate,No,72529,0.0,360.0,360.0,1.0,Urban,X
637,659,696,LP001445,Male,Yes,2,Not Graduate,No,4136,0.0,149.0,480.0,0.0,Rural,X
638,660,697,LP001446,Male,Yes,0,Graduate,No,8449,0.0,257.0,360.0,1.0,Rural,X
639,661,698,LP001450,Male,Yes,0,Graduate,No,4456,0.0,131.0,180.0,0.0,Semiurban,X
640,662,699,LP001452,Male,Yes,2,Graduate,No,4635,8000.0,102.0,180.0,1.0,Rural,X
641,663,700,LP001455,Male,Yes,0,Graduate,No,3571,1917.0,135.0,360.0,1.0,Urban,X
642,664,701,LP001466,Male,No,0,Graduate,No,3066,0.0,95.0,360.0,1.0,Semiurban,X
643,665,702,LP001471,Male,No,2,Not Graduate,No,3235,2015.0,77.0,360.0,1.0,Semiurban,X
644,666,704,LP001475,Male,Yes,0,Graduate,Yes,3188,2286.0,130.0,360.0,0.0,Rural,X
645,667,705,LP001483,Male,Yes,3,Graduate,No,13518,0.0,390.0,360.0,1.0,Rural,X
646,668,706,LP001486,Male,Yes,1,Graduate,No,4364,2500.0,185.0,360.0,1.0,Semiurban,X
647,669,707,LP001490,Male,Yes,2,Not Graduate,No,4766,1646.0,100.0,360.0,1.0,Semiurban,X
648,670,708,LP001496,Male,Yes,1,Graduate,No,4609,2333.0,123.0,360.0,0.0,Semiurban,X
649,671,709,LP001499,Female,Yes,3,Graduate,No,6260,0.0,110.0,360.0,1.0,Semiurban,X
650,672,710,LP001500,Male,Yes,1,Graduate,No,3333,4200.0,256.0,360.0,1.0,Urban,X
651,673,711,LP001501,Male,Yes,0,Graduate,No,3500,3250.0,140.0,360.0,1.0,Semiurban,X
652,674,712,LP001517,Male,Yes,3,Graduate,No,9719,0.0,61.0,360.0,1.0,Urban,X
653,675,713,LP001527,Male,Yes,3,Graduate,No,6835,0.0,188.0,360.0,0.0,Semiurban,X
654,676,714,LP001534,Male,No,0,Graduate,No,4452,0.0,131.0,360.0,1.0,Rural,X
655,678,716,LP001547,Male,Yes,1,Graduate,No,3901,0.0,116.0,360.0,1.0,Urban,X
656,679,717,LP001548,Male,Yes,2,Not Graduate,No,2687,0.0,50.0,180.0,1.0,Rural,X
657,680,718,LP001558,Male,No,0,Graduate,No,2243,2233.0,107.0,360.0,0.0,Semiurban,X
658,681,719,LP001561,Female,Yes,0,Graduate,No,3417,1287.0,200.0,360.0,1.0,Semiurban,X
659,682,720,LP001563,Female,No,0,Graduate,No,1596,1760.0,119.0,360.0,0.0,Urban,X
660,683,721,LP001567,Male,Yes,3,Graduate,No,4513,0.0,120.0,360.0,1.0,Rural,X
661,684,722,LP001568,Male,Yes,0,Graduate,No,4500,0.0,140.0,360.0,1.0,Semiurban,X
662,685,723,LP001573,Male,Yes,0,Not Graduate,No,4523,1350.0,165.0,360.0,1.0,Urban,X
663,686,724,LP001584,Female,No,0,Graduate,Yes,4742,0.0,108.0,360.0,1.0,Semiurban,X
664,687,725,LP001587,Male,Yes,0,Graduate,No,4082,0.0,93.0,360.0,1.0,Semiurban,X
665,688,726,LP001589,Female,No,0,Graduate,No,3417,0.0,102.0,360.0,1.0,Urban,X
666,689,727,LP001591,Female,Yes,2,Graduate,No,2922,3396.0,122.0,360.0,1.0,Semiurban,X
667,690,728,LP001599,Male,Yes,0,Graduate,No,4167,4754.0,160.0,360.0,1.0,Rural,X
668,691,729,LP001601,Male,No,3,Graduate,No,4243,4123.0,157.0,360.0,0.0,Semiurban,X
669,692,730,LP001607,Female,No,0,Not Graduate,No,0,1760.0,180.0,360.0,1.0,Semiurban,X
670,693,731,LP001611,Male,Yes,1,Graduate,No,1516,2900.0,80.0,,0.0,Rural,X
671,694,732,LP001613,Female,No,0,Graduate,No,1762,2666.0,104.0,360.0,0.0,Urban,X
672,695,733,LP001622,Male,Yes,2,Graduate,No,724,3510.0,213.0,360.0,0.0,Rural,X
673,696,734,LP001627,Male,No,0,Graduate,No,3125,0.0,65.0,360.0,1.0,Urban,X
674,697,735,LP001650,Male,Yes,0,Graduate,No,2333,3803.0,146.0,360.0,1.0,Rural,X
675,698,736,LP001651,Male,Yes,3,Graduate,No,3350,1560.0,135.0,360.0,1.0,Urban,X
676,699,737,LP001652,Male,No,0,Graduate,No,2500,6414.0,187.0,360.0,0.0,Rural,X
677,700,738,LP001655,Female,No,0,Graduate,No,12500,0.0,300.0,360.0,0.0,Urban,X
678,701,739,LP001660,Male,No,0,Graduate,No,4667,0.0,120.0,360.0,1.0,Semiurban,X
679,702,740,LP001662,Male,No,0,Graduate,No,6500,0.0,71.0,360.0,0.0,Urban,X
680,703,741,LP001663,Male,Yes,2,Graduate,No,7500,0.0,225.0,360.0,1.0,Urban,X
681,704,742,LP001667,Male,No,0,Graduate,No,3073,0.0,70.0,180.0,1.0,Urban,X
682,705,743,LP001695,Male,Yes,1,Not Graduate,No,3321,2088.0,70.0,,1.0,Semiurban,X
683,706,744,LP001703,Male,Yes,0,Graduate,No,3333,1270.0,124.0,360.0,1.0,Urban,X
684,707,745,LP001718,Male,No,0,Graduate,No,3391,0.0,132.0,360.0,1.0,Rural,X
685,708,746,LP001728,Male,Yes,1,Graduate,Yes,3343,1517.0,105.0,360.0,1.0,Rural,X
686,709,747,LP001735,Female,No,1,Graduate,No,3620,0.0,90.0,360.0,1.0,Urban,X
687,710,748,LP001737,Male,No,0,Graduate,No,4000,0.0,83.0,84.0,1.0,Urban,X
688,711,749,LP001739,Male,Yes,0,Graduate,No,4258,0.0,125.0,360.0,1.0,Urban,X
689,712,750,LP001742,Male,Yes,2,Graduate,No,4500,0.0,147.0,360.0,1.0,Rural,X
690,713,751,LP001757,Male,Yes,1,Graduate,No,2014,2925.0,120.0,360.0,1.0,Rural,X
691,714,752,LP001769,Male,No,0,Graduate,No,3333,1250.0,110.0,360.0,1.0,Semiurban,X
692,715,753,LP001771,Female,No,3,Graduate,No,4083,0.0,103.0,360.0,0.0,Semiurban,X
693,716,754,LP001785,Male,No,0,Graduate,No,4727,0.0,150.0,360.0,0.0,Rural,X
694,717,755,LP001787,Male,Yes,3,Graduate,No,3089,2999.0,100.0,240.0,1.0,Rural,X
695,718,757,LP001791,Male,Yes,0,Graduate,Yes,32000,0.0,550.0,360.0,0.0,Semiurban,X
696,719,758,LP001794,Male,Yes,2,Graduate,Yes,10890,0.0,260.0,12.0,1.0,Rural,X
697,720,759,LP001797,Female,No,0,Graduate,No,12941,0.0,150.0,300.0,1.0,Urban,X
698,721,760,LP001815,Male,No,0,Not Graduate,No,3276,0.0,90.0,360.0,1.0,Semiurban,X
699,722,761,LP001817,Male,No,0,Not Graduate,Yes,8703,0.0,199.0,360.0,0.0,Rural,X
700,723,762,LP001818,Male,Yes,1,Graduate,No,4742,717.0,139.0,360.0,1.0,Semiurban,X
701,724,763,LP001822,Male,No,0,Graduate,No,5900,0.0,150.0,360.0,1.0,Urban,X
702,725,764,LP001827,Male,No,0,Graduate,No,3071,4309.0,180.0,360.0,1.0,Urban,X
703,726,765,LP001831,Male,Yes,0,Graduate,No,2783,1456.0,113.0,360.0,1.0,Urban,X
704,727,766,LP001842,Male,No,0,Graduate,No,5000,0.0,148.0,360.0,1.0,Rural,X
705,728,767,LP001853,Male,Yes,1,Not Graduate,No,2463,2360.0,117.0,360.0,0.0,Urban,X
706,729,768,LP001855,Male,Yes,2,Graduate,No,4855,0.0,72.0,360.0,1.0,Rural,X
707,730,769,LP001857,Male,No,0,Not Graduate,Yes,1599,2474.0,125.0,300.0,1.0,Semiurban,X
708,731,770,LP001862,Male,Yes,2,Graduate,Yes,4246,4246.0,214.0,360.0,1.0,Urban,X
709,732,771,LP001867,Male,Yes,0,Graduate,No,4333,2291.0,133.0,350.0,1.0,Rural,X
710,733,772,LP001878,Male,No,1,Graduate,No,5823,2529.0,187.0,360.0,1.0,Semiurban,X
711,734,773,LP001881,Male,Yes,0,Not Graduate,No,7895,0.0,143.0,360.0,1.0,Rural,X
712,735,774,LP001886,Male,No,0,Graduate,No,4150,4256.0,209.0,360.0,1.0,Rural,X
713,736,776,LP001909,Male,No,0,Graduate,No,5583,0.0,116.0,360.0,1.0,Urban,X
714,737,777,LP001911,Female,No,0,Graduate,No,2708,0.0,65.0,360.0,1.0,Rural,X
715,738,778,LP001921,Male,No,1,Graduate,No,3180,2370.0,80.0,240.0,0.0,Rural,X
716,739,779,LP001923,Male,No,0,Not Graduate,No,2268,0.0,170.0,360.0,0.0,Semiurban,X
717,740,780,LP001933,Male,No,2,Not Graduate,No,1141,2017.0,120.0,360.0,0.0,Urban,X
718,741,781,LP001943,Male,Yes,0,Graduate,No,3042,3167.0,135.0,360.0,1.0,Urban,X
719,742,783,LP001959,Female,Yes,1,Graduate,No,3564,0.0,79.0,360.0,1.0,Rural,X
720,743,784,LP001961,Female,No,0,Graduate,No,3958,0.0,110.0,360.0,1.0,Rural,X
721,744,785,LP001973,Male,Yes,2,Not Graduate,No,4483,0.0,130.0,360.0,1.0,Rural,X
722,745,786,LP001975,Male,Yes,0,Graduate,No,5225,0.0,143.0,360.0,1.0,Rural,X
723,746,787,LP001979,Male,No,0,Graduate,No,3017,2845.0,159.0,180.0,0.0,Urban,X
724,747,788,LP001995,Male,Yes,0,Not Graduate,No,2431,1820.0,110.0,360.0,0.0,Rural,X
725,748,790,LP002007,Male,Yes,2,Not Graduate,No,2500,3333.0,131.0,360.0,1.0,Urban,X
726,749,791,LP002009,Female,No,0,Graduate,No,2918,0.0,65.0,360.0,0.0,Rural,X
727,750,792,LP002016,Male,Yes,2,Graduate,No,5128,0.0,143.0,360.0,1.0,Rural,X
728,751,793,LP002017,Male,Yes,3,Graduate,No,15312,0.0,187.0,360.0,0.0,Urban,X
729,752,794,LP002018,Male,Yes,2,Graduate,No,3958,2632.0,160.0,360.0,1.0,Semiurban,X
730,753,795,LP002027,Male,Yes,0,Graduate,No,4334,2945.0,165.0,360.0,1.0,Semiurban,X
731,754,796,LP002028,Male,Yes,2,Graduate,No,4358,0.0,110.0,360.0,1.0,Urban,X
732,755,797,LP002042,Female,Yes,1,Graduate,No,4000,3917.0,173.0,360.0,1.0,Rural,X
733,756,798,LP002045,Male,Yes,3,Graduate,No,10166,750.0,150.0,,1.0,Urban,X
734,757,799,LP002046,Male,Yes,0,Not Graduate,No,4483,0.0,135.0,360.0,0.0,Semiurban,X
735,758,800,LP002047,Male,Yes,2,Not Graduate,No,4521,1184.0,150.0,360.0,1.0,Semiurban,X
736,759,801,LP002056,Male,Yes,2,Graduate,No,9167,0.0,235.0,360.0,1.0,Semiurban,X
737,761,803,LP002059,Male,Yes,2,Graduate,No,7874,3967.0,336.0,360.0,1.0,Rural,X
738,762,804,LP002062,Female,Yes,1,Graduate,No,4333,0.0,132.0,84.0,1.0,Rural,X
739,763,805,LP002064,Male,No,0,Graduate,No,4083,0.0,96.0,360.0,1.0,Urban,X
740,764,807,LP002070,Male,Yes,3,Not Graduate,No,2654,1998.0,128.0,360.0,0.0,Rural,X
741,765,808,LP002077,Male,Yes,1,Graduate,No,10000,2690.0,412.0,360.0,1.0,Semiurban,X
742,766,809,LP002083,Male,No,0,Graduate,Yes,5833,0.0,116.0,360.0,1.0,Urban,X
743,767,810,LP002090,Male,Yes,1,Graduate,No,4796,0.0,114.0,360.0,0.0,Semiurban,X
744,768,811,LP002096,Male,Yes,0,Not Graduate,No,2000,1600.0,115.0,360.0,1.0,Rural,X
745,769,812,LP002099,Male,Yes,2,Graduate,No,2540,700.0,104.0,360.0,0.0,Urban,X
746,770,813,LP002102,Male,Yes,0,Graduate,Yes,1900,1442.0,88.0,360.0,1.0,Rural,X
747,771,814,LP002105,Male,Yes,0,Graduate,Yes,8706,0.0,108.0,480.0,1.0,Rural,X
748,772,815,LP002107,Male,Yes,3,Not Graduate,No,2855,542.0,90.0,360.0,1.0,Urban,X
749,773,816,LP002111,Male,Yes,0,Graduate,No,3016,1300.0,100.0,360.0,0.0,Urban,X
750,774,817,LP002117,Female,Yes,0,Graduate,No,3159,2374.0,108.0,360.0,1.0,Semiurban,X
751,775,818,LP002118,Female,No,0,Graduate,No,1937,1152.0,78.0,360.0,1.0,Semiurban,X
752,776,819,LP002123,Male,Yes,0,Graduate,No,2613,2417.0,123.0,360.0,1.0,Semiurban,X
753,777,820,LP002125,Male,Yes,1,Graduate,No,4960,2600.0,187.0,360.0,1.0,Semiurban,X
754,778,821,LP002148,Male,Yes,1,Graduate,No,3074,1083.0,146.0,360.0,1.0,Semiurban,X
755,779,822,LP002152,Female,No,0,Graduate,No,4213,0.0,80.0,360.0,1.0,Urban,X
756,780,823,LP002165,Male,No,1,Not Graduate,No,2038,4027.0,100.0,360.0,1.0,Rural,X
757,781,824,LP002167,Female,No,0,Graduate,No,2362,0.0,55.0,360.0,1.0,Urban,X
758,782,825,LP002168,Male,No,0,Graduate,No,5333,2400.0,200.0,360.0,0.0,Rural,X
759,783,826,LP002172,Male,Yes,3,Graduate,Yes,5384,0.0,150.0,360.0,1.0,Semiurban,X
760,784,827,LP002176,Male,No,0,Graduate,No,5708,0.0,150.0,360.0,1.0,Rural,X
761,785,828,LP002183,Male,Yes,0,Not Graduate,No,3754,3719.0,118.0,,1.0,Rural,X
762,786,829,LP002184,Male,Yes,0,Not Graduate,No,2914,2130.0,150.0,300.0,1.0,Urban,X
763,787,830,LP002186,Male,Yes,0,Not Graduate,No,2747,2458.0,118.0,36.0,1.0,Semiurban,X
764,788,831,LP002192,Male,Yes,0,Graduate,No,7830,2183.0,212.0,360.0,1.0,Rural,X
765,789,832,LP002195,Male,Yes,1,Graduate,Yes,3507,3148.0,212.0,360.0,1.0,Rural,X
766,790,833,LP002208,Male,Yes,1,Graduate,No,3747,2139.0,125.0,360.0,1.0,Urban,X
767,791,834,LP002212,Male,Yes,0,Graduate,No,2166,2166.0,108.0,360.0,0.0,Urban,X
768,792,835,LP002240,Male,Yes,0,Not Graduate,No,3500,2168.0,149.0,360.0,1.0,Rural,X
769,793,836,LP002245,Male,Yes,2,Not Graduate,No,2896,0.0,80.0,480.0,1.0,Urban,X
770,794,837,LP002253,Female,No,1,Graduate,No,5062,0.0,152.0,300.0,1.0,Rural,X
771,795,838,LP002256,Female,No,2,Graduate,Yes,5184,0.0,187.0,360.0,0.0,Semiurban,X
772,796,839,LP002257,Female,No,0,Graduate,No,2545,0.0,74.0,360.0,1.0,Urban,X
773,797,840,LP002264,Male,Yes,0,Graduate,No,2553,1768.0,102.0,360.0,1.0,Urban,X
774,798,841,LP002270,Male,Yes,1,Graduate,No,3436,3809.0,100.0,360.0,1.0,Rural,X
775,799,842,LP002279,Male,No,0,Graduate,No,2412,2755.0,130.0,360.0,1.0,Rural,X
776,800,843,LP002286,Male,Yes,3,Not Graduate,No,5180,0.0,125.0,360.0,0.0,Urban,X
777,801,844,LP002294,Male,No,0,Graduate,No,14911,14507.0,130.0,360.0,1.0,Semiurban,X
778,802,845,LP002298,Male,No,0,Graduate,Yes,2860,2988.0,138.0,360.0,1.0,Urban,X
779,803,846,LP002306,Male,Yes,0,Graduate,No,1173,1594.0,28.0,180.0,1.0,Rural,X
780,804,847,LP002310,Female,No,1,Graduate,No,7600,0.0,92.0,360.0,1.0,Semiurban,X
781,805,848,LP002311,Female,Yes,0,Graduate,No,2157,1788.0,104.0,360.0,1.0,Urban,X
782,806,849,LP002316,Male,No,0,Graduate,No,2231,2774.0,176.0,360.0,0.0,Urban,X
783,807,850,LP002321,Female,No,0,Graduate,No,2274,5211.0,117.0,360.0,0.0,Semiurban,X
784,808,851,LP002325,Male,Yes,2,Not Graduate,No,6166,13983.0,102.0,360.0,1.0,Rural,X
785,809,852,LP002326,Male,Yes,2,Not Graduate,No,2513,1110.0,107.0,360.0,1.0,Semiurban,X
786,810,853,LP002329,Male,No,0,Graduate,No,4333,0.0,66.0,480.0,1.0,Urban,X
787,811,854,LP002333,Male,No,0,Not Graduate,No,3844,0.0,105.0,360.0,1.0,Urban,X
788,812,855,LP002339,Male,Yes,0,Graduate,No,3887,1517.0,105.0,360.0,0.0,Semiurban,X
789,813,856,LP002344,Male,Yes,0,Graduate,No,3510,828.0,105.0,360.0,1.0,Semiurban,X
790,814,858,LP002354,Female,No,0,Not Graduate,No,2107,0.0,64.0,360.0,1.0,Semiurban,X
791,815,859,LP002355,Male,Yes,0,Graduate,No,3186,3145.0,150.0,180.0,0.0,Semiurban,X
792,816,860,LP002358,Male,Yes,2,Graduate,Yes,5000,2166.0,150.0,360.0,1.0,Urban,X
793,818,862,LP002375,Male,Yes,0,Not Graduate,Yes,3943,0.0,64.0,360.0,1.0,Semiurban,X
794,819,863,LP002376,Male,No,0,Graduate,No,2925,0.0,40.0,180.0,1.0,Rural,X
795,820,864,LP002383,Male,Yes,3,Graduate,No,3242,437.0,142.0,480.0,0.0,Urban,X
796,821,865,LP002385,Male,Yes,0,Graduate,No,3863,0.0,70.0,300.0,1.0,Semiurban,X
797,822,866,LP002389,Female,No,1,Graduate,No,4028,0.0,131.0,360.0,1.0,Semiurban,X
798,823,867,LP002394,Male,Yes,2,Graduate,No,4010,1025.0,120.0,360.0,1.0,Urban,X
799,824,868,LP002397,Female,Yes,1,Graduate,No,3719,1585.0,114.0,360.0,1.0,Urban,X
800,825,870,LP002400,Female,Yes,0,Graduate,No,3833,0.0,92.0,360.0,1.0,Rural,X
801,826,871,LP002402,Male,Yes,0,Graduate,No,3333,4288.0,160.0,360.0,1.0,Urban,X
802,827,872,LP002412,Male,Yes,0,Graduate,No,3007,3725.0,151.0,360.0,1.0,Rural,X
803,828,874,LP002417,Male,Yes,3,Not Graduate,No,2792,2619.0,171.0,360.0,1.0,Semiurban,X
804,829,875,LP002420,Male,Yes,0,Graduate,No,2982,1550.0,110.0,360.0,1.0,Semiurban,X
805,830,876,LP002425,Male,No,0,Graduate,No,3417,738.0,100.0,360.0,0.0,Rural,X
806,831,877,LP002433,Male,Yes,1,Graduate,No,18840,0.0,234.0,360.0,1.0,Rural,X
807,832,878,LP002440,Male,Yes,2,Graduate,No,2995,1120.0,184.0,360.0,1.0,Rural,X
808,833,879,LP002441,Male,No,0,Graduate,No,3579,3308.0,138.0,360.0,0.0,Semiurban,X
809,834,880,LP002442,Female,Yes,1,Not Graduate,No,3835,1400.0,112.0,480.0,0.0,Urban,X
810,835,881,LP002445,Female,No,1,Not Graduate,No,3854,3575.0,117.0,360.0,1.0,Rural,X
811,836,882,LP002450,Male,Yes,2,Graduate,No,5833,750.0,49.0,360.0,0.0,Rural,X
812,837,883,LP002471,Male,No,0,Graduate,No,3508,0.0,99.0,360.0,1.0,Rural,X
813,838,884,LP002476,Female,Yes,3,Not Graduate,No,1635,2444.0,99.0,360.0,1.0,Urban,X
814,839,885,LP002482,Female,No,0,Graduate,Yes,3333,3916.0,212.0,360.0,1.0,Rural,X
815,840,886,LP002485,Male,No,1,Graduate,No,24797,0.0,240.0,360.0,1.0,Semiurban,X
816,841,887,LP002495,Male,Yes,2,Graduate,No,5667,440.0,130.0,360.0,0.0,Semiurban,X
817,842,888,LP002496,Female,No,0,Graduate,No,3500,0.0,94.0,360.0,0.0,Semiurban,X
818,843,889,LP002523,Male,Yes,3,Graduate,No,2773,1497.0,108.0,360.0,1.0,Semiurban,X
819,844,891,LP002550,Female,No,0,Graduate,No,5769,0.0,110.0,180.0,1.0,Semiurban,X
820,845,893,LP002553,Male,No,0,Graduate,No,29167,0.0,185.0,360.0,1.0,Semiurban,X
821,846,894,LP002554,Male,No,0,Graduate,No,2166,2057.0,122.0,360.0,1.0,Semiurban,X
822,847,895,LP002561,Male,Yes,0,Graduate,No,5000,0.0,126.0,360.0,1.0,Rural,X
823,848,896,LP002566,Female,No,0,Graduate,No,5530,0.0,135.0,360.0,0.0,Urban,X
824,849,897,LP002568,Male,No,0,Not Graduate,No,9000,0.0,122.0,360.0,1.0,Rural,X
825,850,898,LP002570,Female,Yes,2,Graduate,No,10000,11666.0,460.0,360.0,1.0,Urban,X
826,851,900,LP002581,Male,Yes,0,Not Graduate,No,2157,2730.0,140.0,360.0,0.0,Rural,X
827,852,902,LP002592,Male,No,0,Graduate,No,4983,0.0,141.0,360.0,1.0,Urban,X
828,854,904,LP002599,Male,Yes,0,Graduate,No,3667,2000.0,170.0,360.0,1.0,Semiurban,X
829,855,905,LP002604,Male,Yes,2,Graduate,No,3166,2833.0,145.0,360.0,1.0,Urban,X
830,856,906,LP002605,Male,No,0,Not Graduate,No,3271,0.0,90.0,360.0,1.0,Rural,X
831,857,907,LP002609,Female,Yes,0,Graduate,No,2241,2000.0,88.0,360.0,0.0,Urban,X
832,858,909,LP002612,Female,Yes,0,Graduate,No,2666,0.0,84.0,480.0,1.0,Semiurban,X
833,859,910,LP002614,Male,No,0,Graduate,No,6478,0.0,108.0,360.0,1.0,Semiurban,X
834,860,912,LP002635,Female,Yes,2,Not Graduate,No,3729,0.0,117.0,360.0,1.0,Semiurban,X
835,861,913,LP002639,Male,Yes,2,Graduate,No,4120,0.0,128.0,360.0,1.0,Rural,X
836,862,914,LP002644,Male,Yes,1,Graduate,Yes,7500,0.0,75.0,360.0,1.0,Urban,X
837,863,916,LP002654,Female,No,0,Graduate,Yes,14987,0.0,177.0,360.0,1.0,Rural,X
838,864,917,LP002657,Male,Yes,1,Not Graduate,Yes,570,2125.0,68.0,360.0,1.0,Rural,X
839,865,918,LP002711,Male,Yes,0,Graduate,No,2600,700.0,96.0,360.0,1.0,Semiurban,X
840,866,919,LP002712,Male,No,2,Not Graduate,No,2733,1083.0,180.0,360.0,0.0,Semiurban,X
841,867,920,LP002721,Male,Yes,2,Graduate,Yes,7500,0.0,183.0,360.0,1.0,Rural,X
842,868,921,LP002735,Male,Yes,2,Not Graduate,No,3859,0.0,121.0,360.0,1.0,Rural,X
843,869,922,LP002744,Male,Yes,1,Graduate,No,6825,0.0,162.0,360.0,1.0,Rural,X
844,870,923,LP002745,Male,Yes,0,Graduate,No,3708,4700.0,132.0,360.0,1.0,Semiurban,X
845,871,924,LP002746,Male,No,0,Graduate,No,5314,0.0,147.0,360.0,1.0,Urban,X
846,872,925,LP002747,Female,No,3,Graduate,No,2366,5272.0,153.0,360.0,0.0,Rural,X
847,873,926,LP002754,Male,No,0,Graduate,No,2066,2108.0,104.0,84.0,1.0,Urban,X
848,874,927,LP002759,Male,Yes,2,Graduate,No,5000,0.0,149.0,360.0,1.0,Rural,X
849,875,928,LP002760,Female,No,0,Graduate,No,3767,0.0,134.0,300.0,1.0,Urban,X
850,876,929,LP002766,Female,Yes,0,Graduate,No,7859,879.0,165.0,180.0,1.0,Semiurban,X
851,877,930,LP002769,Female,Yes,0,Graduate,No,4283,0.0,120.0,360.0,1.0,Rural,X
852,878,931,LP002774,Male,Yes,0,Not Graduate,No,1700,2900.0,67.0,360.0,0.0,Urban,X
853,879,932,LP002775,Male,No,0,Not Graduate,No,4768,0.0,125.0,360.0,1.0,Rural,X
854,880,933,LP002781,Male,No,0,Graduate,No,3083,2738.0,120.0,360.0,1.0,Urban,X
855,881,934,LP002782,Male,Yes,1,Graduate,No,2667,1542.0,148.0,360.0,1.0,Rural,X
856,882,935,LP002786,Female,Yes,0,Not Graduate,No,1647,1762.0,181.0,360.0,1.0,Urban,X
857,883,936,LP002790,Male,Yes,3,Graduate,No,3400,0.0,80.0,120.0,1.0,Urban,X
858,884,938,LP002793,Male,Yes,0,Graduate,No,5333,0.0,90.0,360.0,1.0,Rural,X
859,885,939,LP002802,Male,No,0,Graduate,No,2875,2416.0,95.0,6.0,0.0,Semiurban,X
860,886,941,LP002805,Male,Yes,2,Graduate,No,5041,700.0,150.0,360.0,1.0,Urban,X
861,887,942,LP002806,Male,Yes,3,Graduate,Yes,6958,1411.0,150.0,360.0,1.0,Rural,X
862,888,943,LP002816,Male,Yes,1,Graduate,No,3500,1658.0,104.0,360.0,0.0,Semiurban,X
863,889,944,LP002823,Male,Yes,0,Graduate,No,5509,0.0,143.0,360.0,1.0,Rural,X
864,890,945,LP002825,Male,Yes,3,Graduate,No,9699,0.0,300.0,360.0,1.0,Urban,X
865,891,946,LP002826,Female,Yes,1,Not Graduate,No,3621,2717.0,171.0,360.0,1.0,Urban,X
866,892,947,LP002843,Female,Yes,0,Graduate,No,4709,0.0,113.0,360.0,1.0,Semiurban,X
867,893,948,LP002849,Male,Yes,0,Graduate,No,1516,1951.0,35.0,360.0,1.0,Semiurban,X
868,894,949,LP002850,Male,No,2,Graduate,No,2400,0.0,46.0,360.0,1.0,Urban,X
869,895,950,LP002853,Female,No,0,Not Graduate,No,3015,2000.0,145.0,360.0,0.0,Urban,X
870,896,951,LP002856,Male,Yes,0,Graduate,No,2292,1558.0,119.0,360.0,1.0,Urban,X
871,897,952,LP002857,Male,Yes,1,Graduate,Yes,2360,3355.0,87.0,240.0,1.0,Rural,X
872,898,953,LP002858,Female,No,0,Graduate,No,4333,2333.0,162.0,360.0,0.0,Rural,X
873,899,954,LP002860,Male,Yes,0,Graduate,Yes,2623,4831.0,122.0,180.0,1.0,Semiurban,X
874,900,955,LP002867,Male,No,0,Graduate,Yes,3972,4275.0,187.0,360.0,1.0,Rural,X
875,901,956,LP002869,Male,Yes,3,Not Graduate,No,3522,0.0,81.0,180.0,1.0,Rural,X
876,902,957,LP002870,Male,Yes,1,Graduate,No,4700,0.0,80.0,360.0,1.0,Urban,X
877,903,958,LP002876,Male,No,0,Graduate,No,6858,0.0,176.0,360.0,1.0,Rural,X
878,904,959,LP002878,Male,Yes,3,Graduate,No,8334,0.0,260.0,360.0,1.0,Urban,X
879,905,960,LP002879,Male,Yes,0,Graduate,No,3391,1966.0,133.0,360.0,0.0,Rural,X
880,906,961,LP002885,Male,No,0,Not Graduate,No,2868,0.0,70.0,360.0,1.0,Urban,X
881,907,962,LP002890,Male,Yes,2,Not Graduate,No,3418,1380.0,135.0,360.0,1.0,Urban,X
882,908,963,LP002891,Male,Yes,0,Graduate,Yes,2500,296.0,137.0,300.0,1.0,Rural,X
883,909,964,LP002899,Male,Yes,2,Graduate,No,8667,0.0,254.0,360.0,1.0,Rural,X
884,910,965,LP002901,Male,No,0,Graduate,No,2283,15000.0,106.0,360.0,0.0,Rural,X
885,911,966,LP002907,Male,Yes,0,Graduate,No,5817,910.0,109.0,360.0,1.0,Urban,X
886,912,967,LP002920,Male,Yes,0,Graduate,No,5119,3769.0,120.0,360.0,1.0,Rural,X
887,913,968,LP002921,Male,Yes,3,Not Graduate,No,5316,187.0,158.0,180.0,0.0,Semiurban,X
888,914,969,LP002932,Male,Yes,3,Graduate,No,7603,1213.0,197.0,360.0,1.0,Urban,X
889,915,970,LP002935,Male,Yes,1,Graduate,No,3791,1936.0,85.0,360.0,1.0,Urban,X
890,916,971,LP002952,Male,No,0,Graduate,No,2500,0.0,60.0,360.0,1.0,Urban,X
891,917,972,LP002954,Male,Yes,2,Not Graduate,No,3132,0.0,76.0,360.0,0.0,Rural,X
892,918,973,LP002962,Male,No,0,Graduate,No,4000,2667.0,152.0,360.0,1.0,Semiurban,X
893,919,974,LP002965,Female,Yes,0,Graduate,No,8550,4255.0,96.0,360.0,0.0,Urban,X
894,920,975,LP002969,Male,Yes,1,Graduate,No,2269,2167.0,99.0,360.0,1.0,Semiurban,X
895,921,976,LP002971,Male,Yes,3,Not Graduate,Yes,4009,1777.0,113.0,360.0,1.0,Urban,X
896,922,977,LP002975,Male,Yes,0,Graduate,No,4158,709.0,115.0,360.0,1.0,Urban,X
897,923,978,LP002980,Male,No,0,Graduate,No,3250,1993.0,126.0,360.0,0.0,Semiurban,X
898,924,979,LP002986,Male,Yes,0,Graduate,No,5000,2393.0,158.0,360.0,1.0,Rural,X
899,925,980,LP002989,Male,No,0,Graduate,Yes,9200,0.0,98.0,180.0,1.0,Rural,X
900,926,11,LP001027,Male,Yes,2,Graduate,No,2500,1840.0,109.0,360.0,1.0,Urban,Y
901,927,19,LP001041,Male,Yes,0,Graduate,Yes,2600,3500.0,115.0,,1.0,Urban,Y
902,928,24,LP001052,Male,Yes,1,Graduate,No,3717,2925.0,151.0,360.0,0.0,Semiurban,N
903,929,29,LP001087,Female,No,2,Graduate,No,3750,2083.0,120.0,360.0,1.0,Semiurban,Y
904,930,30,LP001091,Male,Yes,1,Graduate,No,4166,3369.0,201.0,360.0,0.0,Urban,N
905,932,107,LP001370,Male,No,0,Not Graduate,Yes,7333,0.0,120.0,360.0,1.0,Rural,N
906,933,111,LP001387,Female,Yes,0,Graduate,No,2929,2333.0,139.0,360.0,1.0,Semiurban,Y
907,934,114,LP001398,Male,No,0,Graduate,No,5050,0.0,118.0,360.0,1.0,Semiurban,Y
908,935,158,LP001546,Male,No,0,Graduate,No,2980,2083.0,120.0,360.0,1.0,Rural,Y
909,936,170,LP001581,Male,Yes,0,Not Graduate,No,1820,1769.0,95.0,360.0,1.0,Rural,Y
910,937,218,LP001732,Male,Yes,2,Graduate,No,5000,0.0,72.0,360.0,0.0,Semiurban,N
911,938,231,LP001768,Male,Yes,0,Graduate,No,3716,0.0,42.0,180.0,1.0,Rural,Y
912,939,236,LP001786,Male,Yes,0,Graduate,No,5746,0.0,255.0,360.0,0.0,Urban,N
913,940,268,LP001883,Female,No,0,Graduate,No,3418,0.0,135.0,360.0,1.0,Rural,N
914,941,295,LP001949,Male,Yes,3,Graduate,No,4416,1250.0,110.0,360.0,1.0,Urban,Y
915,942,333,LP002101,Male,Yes,0,Graduate,No,63337,0.0,490.0,180.0,1.0,Urban,Y
916,943,336,LP002110,Male,Yes,1,Graduate,No,5250,688.0,160.0,360.0,1.0,Rural,Y
917,944,344,LP002128,Male,Yes,2,Graduate,No,2583,2330.0,125.0,360.0,1.0,Rural,Y
918,945,374,LP002209,Female,No,0,Graduate,No,2764,1459.0,110.0,360.0,1.0,Urban,Y
919,946,380,LP002226,Male,Yes,0,Graduate,No,3333,2500.0,128.0,360.0,1.0,Semiurban,Y
920,947,385,LP002237,Male,No,1,Graduate,No,3667,0.0,113.0,180.0,1.0,Urban,Y
921,948,411,LP002319,Male,Yes,0,Graduate,No,6256,0.0,160.0,360.0,0.0,Urban,Y
922,949,432,LP002386,Male,No,0,Graduate,No,12876,0.0,405.0,360.0,1.0,Semiurban,Y
923,950,447,LP002435,Male,Yes,0,Graduate,No,3539,1376.0,55.0,360.0,1.0,Rural,N
924,951,463,LP002489,Female,No,1,Not Graduate,No,5191,0.0,132.0,360.0,1.0,Semiurban,Y
925,952,468,LP002502,Female,Yes,2,Not Graduate,No,210,2917.0,98.0,360.0,1.0,Semiurban,Y
926,953,535,LP002732,Male,No,0,Not Graduate,No,2550,2042.0,126.0,360.0,1.0,Rural,Y
927,954,542,LP002753,Female,No,1,Graduate,No,3652,0.0,95.0,360.0,1.0,Semiurban,Y
928,955,579,LP002888,Male,No,0,Graduate,No,3182,2917.0,161.0,360.0,1.0,Urban,Y
929,956,600,LP002949,Female,No,3,Graduate,No,416,41667.0,350.0,180.0,0.0,Urban,N
930,957,601,LP002950,Male,Yes,0,Not Graduate,No,2894,2792.0,155.0,360.0,1.0,Rural,Y
931,958,622,LP001059,Male,Yes,2,Graduate,No,13633,0.0,280.0,240.0,1.0,Urban,X
932,959,625,LP001082,Male,Yes,1,Graduate,No,2185,1516.0,162.0,360.0,1.0,Semiurban,X
933,960,627,LP001094,Male,Yes,2,Graduate,No,12173,0.0,166.0,360.0,0.0,Semiurban,X
934,961,650,LP001208,Male,Yes,2,Graduate,Yes,7350,4029.0,185.0,180.0,1.0,Urban,X
935,962,686,LP001375,Male,Yes,1,Graduate,No,4083,1775.0,139.0,60.0,1.0,Urban,X
936,963,703,LP001472,Female,No,0,Graduate,No,5058,0.0,200.0,360.0,1.0,Rural,X
937,964,756,LP001789,Male,Yes,3,Not Graduate,No,6794,528.0,139.0,360.0,0.0,Urban,X
938,965,775,LP001906,Male,No,0,Graduate,No,2964,0.0,84.0,360.0,0.0,Semiurban,X
939,966,782,LP001950,Female,Yes,3,Graduate,No,1750,2935.0,94.0,360.0,0.0,Semiurban,X
940,967,789,LP001999,Male,Yes,2,Graduate,No,4912,4614.0,160.0,360.0,1.0,Rural,X
941,968,806,LP002069,Male,Yes,2,Not Graduate,No,3785,2912.0,180.0,360.0,0.0,Rural,X
942,969,857,LP002346,Male,Yes,0,Graduate,No,2539,1704.0,125.0,360.0,0.0,Rural,X
943,970,869,LP002399,Male,No,0,Graduate,No,2858,0.0,123.0,360.0,0.0,Rural,X
944,971,873,LP002415,Female,No,1,Graduate,No,1850,4583.0,81.0,360.0,0.0,Rural,X
945,972,890,LP002542,Male,Yes,0,Graduate,No,6500,0.0,144.0,360.0,1.0,Urban,X
946,973,892,LP002551,Male,Yes,3,Not Graduate,No,3634,910.0,176.0,360.0,0.0,Semiurban,X
947,974,899,LP002572,Male,Yes,1,Graduate,No,8750,0.0,297.0,360.0,1.0,Urban,X
948,975,901,LP002584,Male,No,0,Graduate,No,1972,4347.0,106.0,360.0,1.0,Rural,X
949,976,908,LP002610,Male,Yes,1,Not Graduate,No,1792,2565.0,128.0,360.0,1.0,Urban,X
950,977,911,LP002630,Male,No,0,Not Graduate,No,3808,0.0,83.0,360.0,1.0,Rural,X
951,978,915,LP002651,Male,Yes,1,Graduate,No,6300,0.0,125.0,360.0,0.0,Urban,X
952,979,937,LP002791,Male,No,1,Graduate,Yes,16000,5000.0,40.0,360.0,1.0,Semiurban,X
953,980,940,LP002803,Male,Yes,1,Not Graduate,No,2600,618.0,122.0,360.0,1.0,Semiurban,X
954,0,0,LP001002,Male,No,0,Graduate,No,5849,0.0,134.14704906204904,360.0,1.0,Urban,Y
955,30,35,LP001106,Male,Yes,0,Graduate,No,2275,2067.0,101.2359841269841,360.0,1.0,Urban,Y
956,58,63,LP001213,Male,Yes,1,Graduate,No,4945,0.0,130.33046825396823,360.0,0.0,Rural,N
957,76,81,LP001266,Male,Yes,1,Graduate,Yes,2395,0.0,98.91331998557003,360.0,1.0,Semiurban,Y
958,96,102,LP001350,Male,Yes,0,Graduate,No,13650,0.0,257.46306385281383,360.0,1.0,Urban,Y
959,97,103,LP001356,Male,Yes,0,Graduate,No,4652,3583.0,156.38772835497838,360.0,1.0,Semiurban,Y
960,105,113,LP001392,Female,No,1,Graduate,Yes,7451,0.0,117.8267554112554,360.0,1.0,Semiurban,Y
961,118,127,LP001449,Male,No,0,Graduate,No,3865,1640.0,128.50079761904763,360.0,1.0,Rural,Y
962,191,202,LP001682,Male,Yes,3,Not Graduate,No,3992,0.0,65.00773015873015,180.0,1.0,Urban,N
963,269,284,LP001922,Male,Yes,0,Graduate,No,20667,0.0,401.6391378066379,360.0,1.0,Rural,N
964,289,305,LP001990,Male,No,0,Not Graduate,No,2000,0.0,54.00517857142859,360.0,1.0,Urban,N
965,306,322,LP002054,Male,Yes,2,Not Graduate,No,3601,1590.0,118.21421001221,360.0,1.0,Rural,Y
966,320,338,LP002113,Female,No,3,Not Graduate,No,1830,0.0,59.535611471861486,360.0,0.0,Urban,N
967,365,387,LP002243,Male,Yes,0,Not Graduate,No,3010,3136.0,141.11048665223663,360.0,0.0,Urban,N
968,411,435,LP002393,Female,No,0,Graduate,No,10047,0.0,216.16203174603172,240.0,1.0,Semiurban,Y
969,413,437,LP002401,Male,Yes,0,Graduate,No,2213,1125.0,88.80087337662339,360.0,1.0,Urban,Y
970,452,479,LP002533,Male,Yes,2,Graduate,No,2947,1603.0,119.73313997113993,360.0,1.0,Urban,N
971,497,524,LP002697,Male,No,0,Graduate,No,4680,2087.0,137.87457936507937,360.0,1.0,Semiurban,N
972,521,550,LP002778,Male,Yes,2,Graduate,Yes,6633,0.0,170.00576731601726,360.0,0.0,Rural,N
973,522,551,LP002784,Male,Yes,1,Not Graduate,No,2492,2375.0,126.07566269841269,360.0,1.0,Rural,Y
974,573,605,LP002960,Male,Yes,0,Not Graduate,No,2400,3800.0,125.79692460317459,180.0,1.0,Urban,N
975,655,692,LP001415,Male,Yes,1,Graduate,No,3413,4053.0,159.1637619047619,360.0,1.0,Semiurban,X
976,677,715,LP001542,Female,Yes,0,Graduate,No,2262,0.0,108.89948015873013,480.0,0.0,Semiurban,X
977,760,802,LP002057,Male,Yes,0,Not Graduate,No,13083,0.0,191.1063535353536,360.0,1.0,Rural,X
978,817,861,LP002360,Male,Yes,0,Graduate,No,10000,0.0,197.4263412698412,360.0,1.0,Urban,X
979,853,903,LP002593,Male,Yes,1,Graduate,No,8333,4000.0,316.93204365079356,360.0,1.0,Urban,X
980,931,95,LP001326,Male,No,0,Graduate,No,6782,0.0,112.47619155844157,360.0,0.0,Urban,N
